Start time,End time,Transcript,English Translation,translate_claude
54.4,57.8,ฮัลโหลค่ะสวัสดีค่ะขออนุญาตสายคุณนฤมลค่ะ,"Hello, hello. May I please call you Narumon?","Hello, hello, may I speak to Miss Narumon please?"
59.2,67.4,ค่ะบริษัทในเครือธนาคารไทยพาณิชย์ค่ะมาเรียนแจ้งแคมเปญพิเศษให้รบกวนเวลาสักครู่คุณสายได้นะคะ,"Yes, it's a subsidiary of Siam Commercial Bank. I'm here to inform you of a special campaign. Please take a moment. You can be late.","The company is a subsidiary of Thai Commercial Bank. We would like to inform you about a special campaign, if you don't mind sparing some time."
71.2,71.9,ฮัลโหลค่ะ,Hello,Hello
73.4,107.6,ได้ค่ะขอบพระคุณค่ะขออนุญาตแนะนำตัวนิดนึงนะคะเจ้าหน้าที่ชื่อจิรดาคุณโตนดนะคะขออนุญาตบันทึกเสียงสนทนาเพื่อปรับปรุงการบริการนะคะพอดีว่าไทยพาณิชย์น่ะค่ะเขาจะทำแคมเปญพิเศษร่วมกับบริษัท fwd ค่ะซึ่งอยู่ในรูปแบบของออมทรัพย์พิเศษตัวโครงการตอนนี้ค่ะเราจะเข้ามาดูแลคุ้มครองในส่วนของลูกร้ายแรงต่างๆเพิ่มเติมให้ไปในตัวค่ะคุณลูกค้าอารมณ์เหมือนสั่งประจำค่ะไม่เป็นอะไรก็คือรับเงินก้อนกลับคืนไปทุกวันทุกสตางค์เลยอย่างปัจจุบันแล้วคุณลูกค้ามีการเก็บออมในรูปแบบไหนบ้างไหมคะ,"Yes, thank you. Please allow me to introduce myself a little. The officer's name is Jirada Khun Tond. I would like to ask for permission to record the conversation to improve the service. It is Siam Commercial Bank. They will be doing a special campaign together with the company FWD, which is in This is a form of special savings for the project right now. We will come in to take care of and provide additional protection for children in various serious situations. Customers feel like ordering regularly. No matter what, they will receive a lump sum money back every day for every satang. At present, do customers have any form of savings?",NA
110.7,113.2,ณปัจจุบันประกอบอาชีพอะไรอยู่มั้ยคะคุณลูกค้า,What is your current occupation?,"What profession are you currently engaged in, ma'am?"
114.4,115.3,เป็นพนักงาน,Be an employee,employee
116.5,118.3,เป็นพนักงานบริษัทอะไรแบบนี้ใช่ไหมคะ,Are you an employee of a company like this?,What kind of company employee is this?
119.2,134.9,ซึ่งในส่วนของโครงการนะคะตัวเนี้ยที่เขามาดูแลเพิ่มเติมให้นะคะคุณลูกค้าก็จะเป็นเกี่ยวกับประเด็นค่ะโรคหัวใจตับใต้สมองปอดที่เกี่ยวกับอวัยวะสำคัญในร่างกายของเรารวมไปถึงพิการทุกบทภาพค่ะคุณลูกค้าอย่างปัจจุบันแล้วมีประกันตัวไหนดูแลสุขภาพอยู่แล้วบ้างไหมคะ,"As for the project, this one that he has come to take care of additionally for the customer will be about the issue of heart disease, liver, pituitary, lungs related to important organs in our body, including all types of disabilities. As a customer, do you currently have any health care insurance?","As for the project part, this one that they come to take care of additionally for you, dear customer, it will be related to issues regarding heart disease, liver, brain, lungs, which are related to important organs in our body including all disabilities. Currently, dear customer, do you have any health insurance coverage yet?"
142.6,145.2,ก็คือเป็นทำกับธนาคารแบบนี้ใช่ไหมคะ,"That is, doing it with the bank like this, right?","It means doing it like this with the bank, right?"
145.6,205.5,เป็นประกันสุขภาพโดยตรงเลยไหมคะคุณลูกค้าแต่ว่าเป็นประกันชีวิตอย่างเดียวเป็นสุขภาพน้องซึ่งอย่างปัจจุบันคุณลูกค้าก็จะพอทราบกันดีอยู่แล้วเนาะนะคะว่าในส่วนของลูกร้ายแรงต่างๆที่จะละลายแรมแจ้งไปอย่างเช่นนะคะพบโรคมะเร็งโรคหัวใจตับไตสมองปอดที่เกี่ยวกับอวัยวะสำคัญในร่างกายของเราตรงนี้ค่ะอย่างมะเร็งเนาะตัวนี้มันก็จะเป็นภัยเงียบอะไรแบบนี้ค่ะซึ่งถ้าหากว่าเราทำประกันสุขภาพประกันมะเร็งหรือประกันโรคร้ายแรงส่วนใหญ่มันก็จะเป็นเบี้ยทิ้งเบี้ยเสียนะคะแต่ละปีอันนี้คุณลูกค้าพอทราบกันอยู่แล้วใช่ไหมคะแต่ตัวโครงการตัวนี้ค่ะที่จะตามมาเรียนแจ้งเนาะคุณลูกค้าอารมณ์เหมือนเราฝากประจำเลยค่ะคุณลูกค้าไม่ได้เป็นอะไรจบสัญญาก็คือรับเงินก้อนรวมๆตรงกับรายกลับคืนไปเลยหรือตรวจพบเจอในระหว่างสัญญาค่ะคุณลูกค้ารับเงินก้อนไปดูแลรักษาตัวเองได้เลยไม่ทับซ้อนกับประกันสุขภาพสมมติค่ะสมมุติว่าจะพาอ้อมกับโครงการตอนนี้ได้สัก 4-5 เดือนบังเอิญค่ะไปตรวจสุขภาพประจำปีตรวจเต้ยอย่างเช่นมะเร็งยุคตามกล้ามเนื้อหัวใจ,"Is it direct health insurance, sir? But it is only life insurance, it is for the health of the younger sibling. As of now, you, the customer, already know well that in the case of various serious illnesses that will be dissolved, please notify us for example. Cancer, heart disease, liver, kidneys, brain, lungs that are related to important organs in our body are found here. Like this cancer, it will be a silent danger like this. If we take out health insurance, cancer insurance or critical illness insurance. If it's big, it will be a waste of premiums. Each year, you, the customer, already know this, right? But this project that I will come to learn and inform you of, the customer is in the same mood as us with regular deposits, customers. It's not a problem. At the end of the contract, it means receiving a sum of money that matches the income back. Or it was discovered during the contract. The customer receives the lump sum to take care of themselves. It doesn't overlap with health insurance. Suppose that I'm going to take Aom with the project now for about 4-5 months. Coincidentally, I'm going for an annual health check to check for things like cancer in the heart muscle.","Is this directly health insurance for the customer or is it only life insurance? Regarding health for the child, at present the customer should be well aware that for serious illnesses such as cancer, heart disease, liver, kidney, brain, lung diseases related to vital organs in our body, like cancer, it is a silent threat. If we have health insurance, cancer insurance or critical illness insurance, it mostly involves paying premiums annually which the customer already knows, right? But for this plan, it's like we're making a fixed deposit. The customer doesn't have to do anything, at the end of the contract they receive a lump sum amount or if diagnosed during the contract period, the customer receives a lump sum to take care of themselves, not overlapping with health insurance. For example, if we enroll in this plan now and in 4-5 months during an annual health check-up, cancer, heart muscle or whatnot is detected.</translation>"
205.6,265.0,"จากการคัดเลือกไตวายเรื้อรังโรคหลอดเลือดสมองแตกโลตัลค่ะรวมไปถึงพิการทุกคุณภาพนะคะตัวนี้นะคะรับเงินก้อนเข้ากระเป๋าเลยค่ะทันทีตามทุนประกันถ้าสมมุติว่าทำ 5 แสนบาทก็คือรับไป 500,000 บาทค่ะปิดจบสัญญาไปได้เลยนะคะซึ่งตัวโครงการของเราตัวนี้ค่ะคุณลูกค้าเขามีข้อพิเศษก็คือเขาคุ้มครองมะเร็งค่ะให้คุณลูกค้าตั้งแต่ระยะเริ่มต้นทุกชนิดทุกส่วนของร่างกายอย่างผู้หญิงเราเนาะมะเร็งปากมดลูกมะเร็งเต้านมแบบนี้ค่ะคุณลูกค้าเราเจอระยะเริ่มต้นค่ะเรามีเงินก้อนไล่ให้ก่อนเสมือนเป็นค่าตกใจค่ะอยู่ที่ 125,000 บาทหรือ 125% ของทุนแอปตัวนี้ไปแล้วค่ะคุณลูกค้าไม่ต้องออกต่อหยุดออมทันทีนะคะที่เหลือทางโครงการจะแบ่งเบาภาระต่อให้และยังคงคุ้มครองต่อซึ่งหมายความว่าถ้าภายหลังเกิดลูกกล้ามหรือเป็นอะไรค่ะอีก 3 แสนที่เหลือมาเบิกไปได้หรือไม่ได้เป็นอะไรเลยอยู่จบสัญญาค่ะอีก 3 แสนตรงนี้ก็มาเอากลับคืนไปได้อันนี้ฟังทันเนาะค่ะค่ะแต่ที่สำคัญหากโครงการตัวเนี้ยค่ะแล้วคุ้มครองกรณีเสียชีวิตให้กับคุณลูกค้าทุกกรณีค่ะ","From the selection of chronic kidney failure, stroke, hemorrhagic stroke, as well as all types of disabilities, this one will receive a lump sum of money immediately into your pocket according to the sum insured. If you assume that you make 5 hundred thousand baht, you will receive 500,000 baht. You can close the contract. This project of ours, our customers, has a special thing, that is, they protect against cancer for our customers from the beginning stages, every type, every part of the body. For example, women, we are dealing with cervical cancer, cancer. Breasts like this, our customers are in the beginning stages. We have a lump sum of money to give you first, as if it were a shock value. It's at 125,000 baht or 125% of the capital of this app. Customers don't have to go out and stop saving immediately. The remaining 300,000 will be shared by the project and will continue to provide protection, which means that if later you have a muscle child or something else, the remaining 300,000 can be withdrawn or you don't get anything at the end of the contract, another 300,000. You can come and take it back. This one is timely. But most importantly, if this project is like this, it will provide protection in case of death to all customers.",NA
265.6,271.7,"ไม่ว่าจะเป็นอุบัติเหตุโรคร้ายแรงโรคภัยไข้เจ็บทั่วไปภายธรรมชาติก็คือเราคุ้มครองให้ 500,000 บาทเช่นเดียวกันค่ะ","Whether it's an accident, serious illness, general illness of nature, we also cover 500,000 baht.","Whether it's an accident, severe illness, common illness or natural disaster, we protect you for 500,000 baht as well."
273.3,332.9,"แล้วตัวนี้ค่ะคุณลูกค้าสามารถเลือกเก็บออมได้จะออม 5 ปี 10 ปี 20 ปีค่ะสูงสุดไม่เป็นอะไรค่ะอยู่จบสัญญาก็คือรับเงินกลับเลยค่ะ 500,000 บาทรวมผลประโยชน์กลับคืนไปนะคะซึ่งโครงการตัวนี้ค่ะคุณลูกค้าเรามีความคุ้มครองให้คุณลูกค้ายาวๆเลยถึง 90 ปีนะคะเหมือนทำตัวเดียวค่ะคุณลูกค้าแต่ว่ามีความคุ้มครองไปเรื่อยๆนะคะเหมือนเราเก็บออมให้กับตัวเองค่ะไม่เป็นอะไรคุณลูกค้าก็รับเงินก้อนคืนกลับไปและอีกอย่างโครงการของเราค่ะคุณลูกค้าตัวนี้ไม่มีการปรับเพิ่มนะคะเรทการออมนะคะจะเป็นเรทคงที่ไปเรื่อยๆจนจบสัญญาสมมุติคุณลูกค้าอ้อมปรับโครงการตัวนี้ 20 ปีค่ะอย่างปัจจุบันอายุ 34 ปีถูกต้องไหมคะค่ะโดยการออมค่ะถ้าเป็นทุน 500,000 บาทเนาะคุณลูกค้าตกอยู่ที่เดือนละ 1,000 บาท 485 บาทเท่านั้นเองค่ะคุณลูกค้าอันนี้คือไม่มีการปรับเพิ่มแล้วนะถ้าอย่างประกันตัวอื่นเนาะก็คือเขาจะปรับเพิ่มตามช่วงอายุยิ่งอายุเยอะความเสี่ยงเยอะแบบเนี้ยค่ะคุณลูกค้าเขาก็จะมีการปรับเพิ่ม","And with this one, the customer can choose to save for 5 years, 10 years, 20 years. The maximum is not a problem. At the end of the contract, you will receive the money back. 500,000 baht including benefits back. This project. Customers, we have protection for you for a long time, up to 90 years. It's like you're doing it alone, customers, but you have continuous protection. It's like we're saving for ourselves. If there's nothing wrong with it, you get the lump sum money back. And another thing about our project, this customer, there is no increase. The savings rate will be a constant rate until the end of the contract. Suppose that Customer Aom adjusts this project for 20 years, as at present, the age is 34. Is the year correct? By savings, if it's a capital of 500,000 baht, the customer will be at 1,000 baht per month, only 485 baht. Customer, this means there is no additional adjustment. If it's another type of insurance, it's him. It will be increased according to age. The older you get, the more risk there is. Customers will also have to increase the amount.",NA
333.3,366.4,"แต่ตอนนี้ก็คือไม่มีการปรับเพิ่มแล้วนะคะเป็นเบี้ยคงที่สมมุติว่าคุณลูกค้าออมกับโครงการตัวนี้ 20 ปีคุณลูกค้าออมอยู่ที่ 350,000 บาทแต่ถ้าไม่เป็นอะไรก็คือรับกลับ 5 แสนค่ะคุณลูกค้าตัวนี้เหมือนเราเก็บออมไว้ปกตินะคะแล้วได้ผลกำไรตอบแทนไปในตัวหรือไม่เป็นอะไรก็รับเป็นก้อนกลับคืนไปหรือตัวผู้ตรวจเจอค่ะคุณลูกค้าก็รับเป็นก้อนไปดูแลรักษาตัวเองได้เลยแบบนี้ค่ะตัวนี้ก็ไม่เกิน 10 วันทำการเรามีลูกเล่นกรมธรรม์นะคะจะส่งให้กับคุณลูกค้าได้ตรวจสอบผลประโยชน์อีกครั้งนึงค่ะวันนี้เจอกันเลยอยากเรียนเชิญเก็บออมไปด้วยกันค่ะคุณลูกค้าถ้าเป็นเรทประมาณนี้พอได้ไหมคะ","But right now, there is no further increase. It's a fixed premium. Suppose that the customer saves with this project. For 20 years, the customer's savings is 350,000 baht. But if nothing happens, he or she will receive 5 hundred thousand back for this customer. It's like we save normally and get a profit in return. Or it doesn't matter, we can take it back as a lump sum or if the detector finds it, the customer can take it as a lump sum to take care of themselves like this. This one is No more than 10 business days. We have policy features and will send them to customers so that they can check the benefits one more time. We'll meet today, so I'd like to invite you to save together, customers. If it's a rate like this, is that enough?",NA
371.4,388.5,"อันนี้คือเราเลือกแบบว่าจะเอากี่ปีใช่ไหมคะใช่ค่ะคุณลูกค้ามันถ้าสมมุติว่าในส่วนของ 20 ปีเนาะคุณลูกค้าทุน 500,000 บาทมันจะตกอยู่ที่เดือนละ 1,485 บาทเท่านั้นสมมุติว่าคุณลูกค้าจะเอา 5 ปีเนาะนะคะมันอ่าทุน 500,000 บาทเหมือนกันแต่ว่าเรทการออมมันก็จะสูงกว่า","This is, we choose how many years to take, right? Yes, the customer. If we assume that in 20 years, the customer has a capital of 500,000 baht, it will fall to only 1,485 baht per month. Suppose that the customer will take 5 This year, the capital cost is 500,000 baht as well, but the savings rate will be higher.","This is where we choose how many years, isn't it? Yes, customers, if you assume the 20-year portion, customers with 500,000 baht capital will pay only 1,485 baht per month. Suppose the customer wants 5 years, with the same 500,000 baht capital, but the savings rate will be higher."
390.5,420.8,แต่ว่าโครงการตัวเนี้ยถ้าหากว่าในระหว่างทางจำเป็นนะคะก็ต้องใช้ตังค์แบบนี้สมมุติว่าอันนี้แหละทำได้หลัง 2 ปี 1 วันเป็นต้นไปนะคะสมมุติว่าออมมาได้สัก 5 ปีเนาะจำเป็นต้องการใช้เงินแบบเนี้ยค่ะคุณลูกค้าค่ะอ่ะทำได้ 2 กรณี 1 เว่นขึ้นเงินสดปิดจบโครงการอันนี้คือไม่แนะนำเนาะเพราะว่าอ่าสัญญาก็จะจบไปคุณลูกค้าก็จะไม่มีความคุ้มครองต่อและอีกอย่างคุณลูกค้าก็จะได้เงินตามท้ายตารางกรมธรรม์นะปีนั้นๆด้วยนะคะคุณลูกค้า,"But for this project, if necessary along the way, you must use money like this. Suppose that this can be done after 2 years and 1 day onwards. Suppose that you have saved for 5 years, it is necessary to use this kind of money. Dear customer, you can do this in 2 cases. 1. Cash in and close the project. This is not recommended because the contract will end and the customer will have no further coverage. And besides, the customer will receive the money according to the policy table. That year too, customers.",NA
422.1,453.5,ใช่แต่ว่าจะน้อยกว่าที่คุณลูกค้าจะออมเข้ามานะคะและกรณีที่ 2 ก็คือจะเป็นการกู้กรมธรรม์ของตัวเองตัวนี้คือจะได้ 80-90% นะปีนั้นๆเลยนะคะแต่ว่าจะมีดอกเบี้ย 5-8% ต่อปีเท่านั้นค่ะคุณลูกค้าซึ่งน้อยจะกว่าที่เราไปกู้นะคะธนาคารหรือว่ากู้บัตรเครดิตดีนะคะแต่ตัวนี้ก็คือความคุ้มครองยังมีการต่อเนื่องให้เรื่อยๆไม่ได้หมดไปใช่ซึ่งตัวนี้มันเป็นเงินเก็บเงินออมให้กับเราค่ะคุณลูกค้า,"Yes, but it will be less than what the customer will save. And in the second case, it will be borrowing from their own insurance policy. This one will get 80-90% for that year, but there will be 5-8% interest. per year only, customers, which is less than what we borrow from the bank or get a credit card loan. But this one is that the protection is still continuous, it doesn't run out. That's what this is. Savings money for us, customers.",NA
455.1,460.9,"วันนี้เลยอยากเรียนเชิญเก็บออมไปด้วยกันค่ะคุณลูกค้าถ้าเป็นเรทประมาณนี้ 1,485 บาทอันนี้พอไหวอยู่เนาะ","Today, I'd like to invite you to save together, customers. If it's a rate like this, 1,485 baht, this is enough to handle.","Today I'd like to invite you to save together, dear customer. If it's a rate around this, 1,485 baht, will this be okay?"
469.3,477.0,"85 บาทใช่ค่ะอันนี้คือทุน 500,000 อันนี้ไหวไหมหรือว่าน้อยไปไหมถ้าเป็นตัวนี้ 20 ปีค่ะคุณลูกค้า","85 baht, yes, this is a capital of 500,000. Is this okay or is it too little? If it's 20 years, customers.","85 baht is correct, ma'am. This is a fund of 500,000. Is this enough or is it too little if it's this amount for 20 years, customer?"
477.9,488.5,ส่งพยาบาลสบายๆเรื่อยๆค่ะคุณลูกค้าอย่างน้อยค่ะคุณลูกค้าอายุ 56 เนาะเราก็ยังมีความคุ้มครองดีกว่าเรามาทำตอนที่เราอายุเยอะแล้วแล้วอีกอย่างเบี้ยประกันมันแพงมากแบบเนี้ยค่ะ,"Sending nurses with ease, at least the customer is 56 years old. We still have better coverage than if we got it when we were older. Plus, the insurance premiums are very expensive like this.",Send nurses comfortably on and on dear customer at least dear customer aged 56 years old we still have better coverage than we come to do when we are older and another thing insurance premiums are very expensive like this
490.9,493.7,อย่างน้อยเราส่งไปเรื่อยๆค่ะคุณลูกค้าเก็บออมให้กับตัวเอง,"At least we keep sending, customers save for themselves.","At least we keep sending it gradually, dear customer, save for yourself"
499.6,500.9,หรือว่าตรงนี้สูงไปไหม,Or is this place too high?,Or is this too high?
504.7,505.0,เดี๋ยว,wait a minute,soon
508.4,509.6,ขอคิดดูก่อนค่ะ,Let me think about it first.,Let me think first.
510.7,513.7,อันนี้ติดปัญหาในด้านใดหรือว่ามีข้อกังวลใจในส่วนไหนไหมคะ,Does this have any problems or are there any concerns?,This concerns any issues or worries you may have.
515.3,559.7,"สอบถามเพิ่มเติมได้นะจริงๆเนื้อตาไม่อยากให้พลาดโครงการตัวนี้ไปค่ะคุณลูกค้าอย่างน้อยๆเหมือนประกันสังคมคุณลูกค้าก็มีการส่งอยู่ปกติอยู่แล้วถูกต้องไหมนะคะอันนี้เยอะกว่าประกันสังคมนิดนึงค่ะคุณลูกค้าแต่ว่ามันมีกำหนดสัญญา 20 ปีเท่านั้นแต่ตัวนั้นหากคุณลูกค้าต้องจ่ายไปจนกว่าเกษียณ 55 ปีและอีกอย่างคุ้มครองกรณีเสียชีวิตอยู่ที่ 100,000 บาทเท่านั้นเองนะคะและกว่าคุณลูกค้าจะได้เงินคืนก็คืออายุ 60 กว่าเลยนะคะเหมือนแบบแล้วก็ได้เป็นบำนาญเนาะแต่ตัวนี้อย่างน้อยค่ะคุณลูกค้า 20 ปีเท่านั้นนะจดสัญญานะคะไม่มีการต่อเลยและอีกอย่างมีความคุ้มครองจนถึง 5 แสนอีกด้วยแบบนี้ค่ะเลยมีเรื่องให้ภาควงการตอนนี้ไปอย่างน้อยเป็นเก็บออมให้กับตัวเองค่ะคุณลูกค้า","You can ask for more information. I really don't want you to miss out on this project, customers. At least like Social Security, you already have regular payments. Is that correct? This is a little more than Social Security. The customer says that there is only a 20-year contract, but that, if the customer has to pay until retirement is 55 years old, and another thing, the protection in case of death is only 100,000 baht, and until the customer gets the money back, they will be over 60 years of age. It's like the model and you can get a pension, but this one is at least 20 years, customers. The contract is signed, there's no extension, and besides, there's protection up to 500,000 baht. Like this, so there's something for the industry. Now go at least save for yourself, customers.",NA
560.6,563.6,อย่างปัจจุบันตอนนี้คุณลูกค้ามีการลดหย่อนภาษีแต่ละปีไหม,"At present, do customers get a tax deduction each year?","Currently, do customers have tax deductions each year?"
565.4,566.6,ไม่ได้ทำค่ะ,I didn't do it.,"No, I did not do it."
567.1,578.2,ยังไม่ได้มีการลดหย่อนเนอะไม่เป็นไรค่ะคุณลูกค้าถ้าหากว่าอนาคตมีการลดหย่อนภาษีค่ะคุณลูกค้ามีการยื่นภาษีเนาะคุณลูกค้าเอาครัวโครงการตัวนี้ไปลดหย่อนภาษีเพิ่มเติมได้อีกด้วยค่ะคุณลูกค้า,"There hasn't been a tax deduction yet. It's okay, customers. If there is a tax deduction in the future, you have already filed taxes. You can use this kitchen project to receive additional tax deductions as well, customers.","There hasn't been any tax deduction yet, it's okay Ms/Mr. Customer. If there is a tax deduction in the future, Ms/Mr. Customer has filed taxes, Ms/Mr. Customer can use this project to get additional tax deductions as well, Ms/Mr. Customer."
580.2,593.2,ใช่ไม่เกิน 10 วันทำการค่ะเรามีลูกเล่นกรมธรรม์จัดส่งให้ค่ะคุณลูกค้าปกติแล้วเอกสารสำคัญจะส่งที่ทำงานหรือว่าที่บ้านค่ะหรือว่ายังอยู่ที่เดิมไหมแขวงหัวหมากเขตบางกะปิค่ะกรุงเทพมหานคร,"Yes, no more than 10 business days. We have delivery policy features for customers. Normally, important documents will be sent at work or at home, or are they still at the same place? Hua Mak Subdistrict, Bang Kapi District, Bangkok.","Yes, not more than 10 working days, we have a policy document to send to you, dear customer. Normally, important documents will be sent to the workplace or home, or is it still at the same place, Hua Mak Sub-district, Bang Kapi District, Bangkok?"
596.7,599.2,อันนี้อัพเดทเลขที่ตั้งนิดนึงค่ะคุณลูกค้า,"This one updates the location number a bit, customers.",This is an update of the address number a little bit for the customer.
603.6,606.6,39 pn แก๊ส,39 pn gas,39 LPG gas
607.8,608.5,39,39,39
610.4,610.6, ค่ะ,yes,Yes (polite particle used by females)
612.5,614.9,39 PM แก๊สหมู่บ้าน,39 PM Village Gas,39 PM Village gas
616.0,616.7,สวน,garden,garden
619.8,626.4,ซอย 6 60 รามคำแหง,Soi 6 60 Ramkhamhaeng,Soi 6 60 Ramkhamhaeng
627.8,627.9,6,6,6
629.5,630.3,60 ค่ะ,It's 60.,Sixty
630.9,632.2,หมู่บ้านสวนใช่ไหมคะ,Is it a garden village?,"Village garden, isn't it?"
634.8,635.8,เป็นถนนอะไรนะคะ,What kind of road is it?,What road is this?
636.2,640.7,ถนนรามคำแหงค่ะรามคำแหง,"Ramkhamhaeng Road, Ramkhamhaeng",Ram Khamhaeng Road.
644.3,648.7,ค่ะแล้วก็รหัสไปรษณีย์ 10240 ถูกต้องไหมคะตัวนี้,"Yes, and the zip code is 10240. Is this correct?",OK and is zip code 10240 correct?
650.6,655.8,ค่ะอันนี้ที่อยู่ปัจจุบันขออภัยค่ะที่อยู่ตามทะเบียนบ้านกับที่อยู่ตรงนี้ที่เดียวกันไหมคะ,"Yes, this is the current address. Sorry, is the address on the house registration and the address here the same place?","Excuse me, this is the current address. Sorry, is the address according to the house registration the same as this address?"
657.7,658.3,ไม่ค่ะ,no,No
658.9,661.9,เป็นคนละที่เนาะสะดวกแจ้งไหมหรือว่าให้ลงบัญชีเดียวกัน,It's a different place. Is it convenient for me to report this or should I post it in the same account?,Is it convenient to separate or put on the same bill?
666.9,669.1,อันนี้สะดวกแจ้งไหมคะ,Is this convenient?,Is this convenient to report?
672.1,672.6,ถ้า,if,If
674.1,683.9,มันต้องส่งส่งวันที่กรุงเทพฯใช่ไหมคะใช่ค่ะคุณลูกค้าอะไรไม่เป็นไร,"It has to be sent in Bangkok, right? Yes, it's okay for the customer.","It must be sent the date to Bangkok, right? Yes, dear customer, no problem."
684.9,685.1,เนาะ,No.,Naw
687.0,689.3,เป็น 10/1 หมู่ 5 นะคะ,It's 10/1 Village No. 5.,It's 10/1 Village No. 5
690.2,690.5,ค่ะ,yes,Polite particle
691.0,693.6,ตำบลหนองหลวงอำเภอโนนอากาศจังหวัดเลย,"Nong Luang Subdistrict, Non Akat District, Loei Province","Nong Luang Subdistrict, Non Ak Sat District, Loei Province"
694.3,695.5,จังหวัดสุรินทร์,Surin Province,Surin Province
697.9,700.3,เป็นอำเภออะไรนะคะ,What district is it?,What district is it?
703.4,705.1,แล้วก็ตำบลค่ะ,And then the sub-district,And subdistrict.
705.8,711.0,หนองหลวงหนองหลวงรหัสไปรษณีย์ค่ะคุณลูกค้า,"Nong Luang, Nong Luang, zip code, customers.",Nong Luang Nong Luang postal code for customer
713.1,725.6,32130 โอเคค่ะแล้วก็ที่อยู่ที่ทำงานอันนี้สะดวกแจ้งไหมคะหรือว่าให้ลงตามที่อยู่อ๋องั้นก็ลงตามที่อยู่ที่ปัจจุบันไปก่อนเนาะ,"32130 Okay, so is this work address convenient for you to tell me? Or do you want me to get off at that address? Well, let's get off at the current address first.","32130 Okay, and is this work address convenient to notify or should I enter the other address? If so, let me enter the current address first."
727.5,743.4,ในส่วนของการเก็บออมค่ะคุณลูกค้าตัวนี้ก็ไม่ยากนะคุณลูกค้า 3 วันออมผ่านบัญชีธนาคารออมทรัพย์หรือว่าบัตรเครดิตก็ได้นะคะตัวนี้คือเชื้อราลงทะเบียนให้แล้วก็ออกเลขกรมธรรม์คุณลูกค้าก็ไปจ่ายบิลเหมือนจ่ายค่าน้ำค่าไฟปกติแบบเนี้ยค่ะคุณขา,"As for saving, this one is not difficult. You can save for 3 days through a savings bank account or a credit card. This one is a fungus. You register and issue an insurance policy number. The customer then goes and pays the bill. It's like paying regular water and electricity bills like this, sir.","As for savings, dear customer, it's not difficult. You can save for 3 days through a savings account or credit card. This is a registered fungus and a policy number will be issued. You can then pay the bills like paying for utilities as usual, dear customer."
745.2,745.8,ใช่ค่ะ,yes,Yes
748.2,750.0,ปกติเคยจ่ายค่าน้ำค่าไฟอยู่เนาะ,"Normally, I used to pay water and electricity bills.","Usually pay for water and electricity bills, right?"
750.5,786.3,ค่ะนั่นแหละเหมือนการใส่โทรศัพท์แต่ว่ามันจะมีบริษัทประกันข้างล่างก็คือตัวนี้จะให้ fw โดยตรงนะจะไม่ได้หักผ่านบัญชีของคุณลูกค้าหรือว่าจะไม่ได้อันนี้นะอันนี้คือจะพาทำทีละขั้นตอนคุณลูกค้าจะได้รู้ว่าการเก็บออมตัวนี้มันไปตรงไหนตรงไหนบ้างแบบเนี้ยค่ะค่ะแล้วก็คำนำหน้าของคุณลูกค้าตัวนี้ค่ะเป็นนางหรือว่านางสาวคะมียศมีตำแหน่งไหมเอ่ยนางสาวเนาะค่ะชื่อนะคะคุณนฤมลแสงทองจะได้ขออนุญาตสะกดทีละตัวนะคะคุณลูกค้าตัวไหนผิดแย้งได้เลยนะเพราะว่ามันเป็นผลประโยชน์ของคุณลูกค้านะคะ,"Yes, that's like inserting a phone, but there will be an insurance company below. This one will give you FW directly. It won't be deducted through the customer's account or you won't get it. This one is going to take you to do it step by step. The customer will know where this savings goes and where. Like this. And the title of this customer is Mrs. or Miss. Do you have a rank? It's Miss Nao. Your name is Mr. Narumonsaengthong. I will ask for permission to spell it one letter at a time. If you are wrong, please feel free to dispute it because it is in your interests.",NA
788.0,803.3,ค่ะจะเป็นอ่านรึมม้าลลิงนะคะนามสกุลสระแอค่ะสเสืองงูททหารออ่างงงูนะคะค่ะแล้วก็สถานภาพตรงนี้เป็นสูตรหรือว่าสมรสคะ,"Yes, it will be Khun Rum Ma Ling. The surname has the vowel Ae, Saeng Ngu, Tha Khao, Ang Ngu. And this status is whether it's a formula or married.","Well, will it be read or marling please? Surname with Sura A please Sung gu soldier out-ang-gu please please and this status is a formula or married?"
806.2,807.2,ไม่ได้สมรสค่ะ,I'm not married.,Not married
809.6,812.9,ไม่เป็นไรค่ะก็คือแต่งงานไม่ได้จดทะเบียนแบบนี้ใช่ไหมคะ,"It doesn't matter. The marriage was not registered like this, right?","It's okay, it just means getting married without registering like this, right?"
816.0,818.0,หมื่นเป็นหมื่นเจ็ดเนาะ,Ten thousand is ten thousand and seventeen.,ten thousand is indeed ten thousand seven
820.2,820.9,ได้ค่ะ,okay,Okay
825.7,830.6,แล้วก็ตัวนี้ค่ะคุณลูกค้าสถานที่เกิดค่ะคุณลูกค้าตัวนี้เป็นจังหวัดไหนคะ,"And this one, customer, place of birth. What province is this customer?","Then this one, customer, place of birth, customer, which province is this one?"
840.0,844.6,ท่านเป็นผู้มีถิ่นที่อยู่ทางภาษีเฉพาะในประเทศไทยใช่หรือไม่คะตัวนี้,Are you a tax resident only in Thailand?,Are you a tax resident only in Thailand or not?
846.7,847.5,ขอบคุณค่ะ,thank you,Thank you
849.7,859.3,ค่ะตอนนี้ค่ะคุณลูกค้าสามารถระบุผู้รับผลประโยชน์นะคะคุณลูกค้าได้สูงสุดถึง 3 คนหรือว่าระบุว่าอย่างน้อย 1 คนก่อนก็ได้อันนี้จะให้เป็นใครคะ,"Yes, now you can specify up to 3 beneficiaries, customers, or you can specify at least 1 person first. Who will it be?","Okay, now customers can specify up to 3 beneficiaries or at least 1 beneficiary for now. Who would you like to name as the beneficiary?"
864.8,866.2,มีความสัมพันธ์เป็นบุตรเนาะ,There is a relationship with children.,have a child relationship
868.3,871.5,เป็นเด็กชายแล้วก็สะกดชื่อให้นิดนึงค่ะเพื่อความถูกต้อง,It's a boy and my name has been spelled a little for accuracy.,Being a boy and spell the name a little bit for accuracy.
882.0,885.1,อากาศไม้เอกนหนูค่ะ,It's the weather.,The weather is not good today.
885.8,889.2,ไม่อากาศไม้เอกนหนูเป็นจิตมั่นใช่ไหมคะ,"It's not the weather, it's not like I have a confident mind, right?",Not air wood one rat be mind firm right ma'am?
890.9,896.3,แล้วก็อันนี้พอทราบเลขบัตรประจำตัวประชาชนของคุณน้องไหมคะไม่ทราบไม่เป็นไร,"And this one, do you know your ID card number? If you don't know, that's okay.","And also, do you know your younger sibling's national ID number? If you don't know, it's okay."
902.4,903.4,ไม่ทราบไม่เป็นไรนะคะ,I don't know. It's okay.,No worries if you don't know
905.1,905.5,ได้ค่ะ,okay,Yes
918.3,920.5,1 3 2 9 2,1 3 2 9 2,One three two nine two
921.2,923.2,1 3 2 9 2 ค่ะ,1 3 2 9 2,1 3 2 9 2 dear
924.1,925.6,0 0 9 4,0 0 9 4,0094
926.3,927.4,0 9 4 ค่ะ,0 9 4,094 kha
929.1,960.8,แล้วก็ 304 304 ค่ะขออนุญาตทวนนะคะเป็น 132 920094304 นะคะ 0 3 ตัวค่ะ 0 0 9 4 ค่ะเป็น 13292 0 0 9 4 3 0 4 นะคะค่ะค่ะอันนี้ที่อยู่ของคุณน้องก็คือตามที่อยู่ที่คุณลูกค้าอยู่ปัจจุบันเลยเนาะใช่ค่ะค่ะและก็อันนี้ระบุให้ใครเพิ่มเติมไหมคะ,"And it's 304 304. Please allow me to repeat. It's 132 920094304. It's 3 digits. 0 0 9 4. It's 13292 0 0 9 4 3 0 4. This one, your address is the same as the address. You are a current customer, right? And also, is this one specified for anyone else?","And then 304 304, excuse me to repeat, it is 132 920094304, yes, 0 3 digits, 0 0 9 4, yes, it is 13292 0 0 9 4 3 0 4, yes, yes, this is your sister's address, it is the same as your current customer's address, right? Yes, and do you want to specify anyone else?"
962.4,964.2,แต่สถานภาพก็คือเป็น,But the status is,But the status is to be
967.0,969.8,ขออภัยค่ะอันนี้มีความสัมพันธ์เป็นเป็นคู่สมรสเนอะ,"I'm sorry, but this one has a married relationship.","Excuse me, this is a spouse relationship."
970.7,971.8,ใช่แต่เรา,"Yes, but us","Yes, but we"
972.6,976.0,ไม่เป็นไรคำนำหน้าตรงนี้เป็นนายใช่ไหมคะ,"It's okay, the prefix here is Mr, right?","No problem, is this title Mr. right?"
976.7,977.7,มียศมีตำแหน่งไหม,Do you have a rank or position?,Do you have a rank or position?
978.7,981.3,คะ,yes,Yes
999.2,1000.4,เป็นคำลือใช่ไหมคะ,Is it a rumor?,Is it a common phrase?
1001.4,1004.6,แล้วก็ที่อยู่ก็คือตามที่ของคุณลูกค้าเลยเนาะ,And the address is according to the customer.,And the address is as per your customer's address
1006.2,1006.9,ที่อยู่เขา,His address,His address
1008.1,1008.3,ค่ะ,yes,Yes
1013.4,1016.7,แต่ว่า,but,but
1018.4,1019.3,บ้านเลขที่ 1,House number 1,House No. 1
1020.0,1020.6,7 8,7 8,7 8
1024.3,1024.6, ตำบล,district,Subdistrict
1036.3,1037.5,อำเภองาว,Ngao District,Amphoe Ngao
1038.0,1041.2,สระอาวแหวนค่ะ,Ao Waen Pool,Seawave rings
1042.0,1043.3,จังหวัดลำปาง,Lampang Province,Lampang Province
1043.9,1045.4,จังหวัดลำปาง,Lampang Province,Lampang Province
1046.6,1048.2,ค่ะรหัสไปรษณีย์ค่ะ,"Yes, postal code.",Please postal code
1051.5,1062.5,แล้วก็อันนี้เลขบัตรประจำตัวประชาชนพอทราบไหมคะไม่ทราบไม่เป็นไรค่ะอันนี้ให้ใครเพิ่มเติมไหมคะหรือว่าให้ 2 คน,And this one is the national ID card number. Do you know it? I don't know. It's okay. Can I give this one to anyone else? Or will it be given to two people?,"And this one, do you know the citizen ID number? If you don't know, it's okay. Should anyone else be added or just 2 people?"
1064.0,1064.9,ค่ะ,yes,Yes (polite particle used by females)
1070.6,1081.4,ขั้นตอนต่อไปค่ะคุณลูกค้าตัวนี้คุณลูกค้าจะออมผ่านแอปออมผ่านไทยพาณิชย์เราเลยมั้ยหรือว่าจะออมผ่านอ่าบัญชีธนาคารอื่นคะ,"The next step for this customer, will you save through our SCB savings app or will you save through another bank account?","The next step, madam customer, this customer will save through the SCB Easy App or save through another bank account?"
1083.2,1089.8,ได้ค่ะอันนี้คุณลูกค้าเข้าที่หน้า Application ได้เลยนะเจอดาจะพาทำทีละขั้นตอนนะคะ,"Yes, for this you can go to the Application page. Jerda will take you to do it step by step.","This one, the customer can access the Application page right away. I will guide you through each step, ok?"
1104.5,1109.3,ค่ะค่ะอันนี้เข้ามาแล้วคุณลูกค้าเข้าที่เมนูธุรกรรมของฉันนะคะ,"Yes, this one comes in and the customer goes to the My Transactions menu.","Okay, okay, this has come in now, dear customer, go to my transaction menu."
1112.5,1114.1,เข้าธุรกรรมของฉันแล้วเนอะ,I entered my transaction.,"My transaction is done, right?"
1115.4,1115.7,ค่ะ,yes,Yes
1116.2,1119.5,กดคำว่าจ่ายบิลค่ะคุณลูกค้า,"Press the word pay bill, customers.","Click ""Pay the bill"" please, customer."
1122.9,1129.5,เลื่อนลงมาด้านล่างนะคะจะเจอ fwd สีส้มๆ,Scroll down to the bottom and you will find the orange fwd.,Scroll down you will see an orange fwd
1130.4,1132.1,เจอไหมข้างล่างกรุงศรีนี้แหละ,Did you find it below Krungsri?,See you down there Bangkok
1133.0,1137.2,ค่ะในหน้าแรกเลยเนาะอันนี้กดเข้ามาหน้านี้มีอะไรบ้างคะ,"Yes, it's on the first page. Click this one to enter. What's on this page?","Okay on the first page, click here. What's on this page?"
1138.3,1139.4,รหัสลูกค้าเลย,Customer code now,Customer code too
1140.8,1149.9,โอเคค่ะอันนี้เป็นรหัสลูกค้า 1 นะคะมีทั้งหมด 9 ตัวแจ้งทีละ 3 ตัวนะคะค่ะเป็น 328 ค่ะ,"Okay, this one is customer code 1. There are 9 digits in total. Please specify 3 digits at a time. It's 328.","Okay, this is customer code 1. There are 9 digits in total, I'll tell you 3 digits at a time. It's 328."
1150.8,1152.2,ขออภัยค่ะ 3 2 7 ค่ะ,"Sorry, 3 2 7.",Excuse me 3 2 7
1153.7,1156.8,076 ค่ะ,It's 076.,076 yes/ok
1157.4,1165.3,แล้วก็กดตรวจสอบว่าไปที่ fwd ประกันชีวิตไหมนะคะพอกดตรวจสอบแล้วกดยืนยันได้เลยค่ะ,"Then click to check if it goes to fwd life insurance or not. When you click to check, click to confirm.","And then click to check if you go to fwd life insurance, okay? After checking, you can confirm immediately."
1172.2,1181.0,เรียบร้อยค่ะค่ะอันนี้ได้สลิปแล้วนะขออนุญาตแอดไลน์นิดนึงนะคะคุณลูกค้าเพื่อส่งหลักฐานการเก็บออม,"Already done. This one already has the slip. Please allow me to add Line a little, customers, in order to send proof of savings.","All right, this is the slip, I have already received it. May I add you on LINE for a moment, dear customer, in order to send you the proof of savings?"
1201.0,1202.3, n a k a ค่ะ,n a k a,Student
1202.7,1204.5, n a k,n a k,student
1207.8,1208.6, สักครู่นะคะ,Just a moment.,In a moment
1219.3,1220.3,มันเป็น id line,It's an id line.,It is ID line
1221.2,1222.1, H O,HO,H O
1223.0,1225.7, n g l y,n g l y,Thailand
1226.4,1228.1, n a k a,n a k a,bread
1228.7,1230.9,เช้าใช่ไหมคะใช่ค่ะ,Is it morning? Yes.,"Good morning, isn't it?"
1231.2,1239.0,อันนี้จะได้กดเพิ่มเพื่อนไปแล้วขออนุญาตส่งสติ๊กเกอร์ไปให้นะคะรบกวนคุณลูกค้าส่งสลิปการเก็บของให้เจรดานิดนึงนะคะ,This will allow you to add friends and allow me to send stickers to you. I would like to ask the customer to send the packing slip to Gerada a little.,"This is to add a friend and ask permission to send stickers. Would you kindly send me a slip for picking up the item, customer?"
1250.8,1262.7,เรียบร้อยแล้วค่ะคุณลูกค้าขอบคุณนะคะต่อไปค่ะเจอหน้าจะพาคุณลูกค้าผูกบัญชีไว้เนาะนะคะในงวดถัดไปคุณลูกค้าจะได้ไม่ต้องมากดแบบนี้จากกันเราลืมด้วยแบบนี้ค่ะ,"It's already finished, customer. Thank you. Next time, when I see you, I'll take you to link your account. In the next installment, you won't have to press like this to separate us. We forget like this.","Done already, thank you dear customer. Next time, I will assist you to link your account. You won't have to press like this in the next round. We forgot like this."
1264.8,1267.4,อันนี้เข้าไปที่หน้าธุรกรรมของฉันเหมือนเดิมนะคะ,This one goes to my transactions page as before.,This goes to my transaction page as usual.
1273.8,1278.0,ค่ะแล้วก็กดธุรกรรมของฉันแล้วเนาะเลื่อนลงด้านล่างสุดนะคะ,"Yes, then press My Transactions and scroll to the bottom.","Okay and then click on my transaction and then scroll down to the very bottom, okay?"
1280.0,1285.4,มันจะมีคำว่าสมัครบริการหักบัญชีอัตโนมัติลูกค้าเจอไหม,There will be words about applying for automatic debit service. Can customers find it?,"Will there be a phrase like ""Register for automatic account deduction service for customers""?"
1286.4,1289.6,เจอค่ะแล้วก็กดเข้าไปค่ะกดยอมรับได้เลย,Found it and then clicked to accept it.,"I've found it and clicked on it, just accept it."
1295.0,1298.4,พอกดยอมรับแล้วเข้ามาหน้านี้มันจะบอกว่าไปยังใช่ไหมคะ,"When I press accept and come to this page, it will tell me to go, right?","After clicking accept, it will come to this page and ask if you want to proceed or not."
1299.2,1305.1,ค่ะอันนี้ใส่รหัสโค้ดนะคะเป็น 0216 ค่ะ,"Yes, this one, enter the code number, it is 0216.","Yes, this is the code 0216."
1311.0,1316.6,ใส่แล้วด้านล่างมันจะขึ้นเป็นบริษัท fwd ประกันชีวิตเนาะคุณลูกค้ากดเข้าไปตรงนั้นได้เลย,Enter it and at the bottom it will be listed as FWD Life Insurance Company. Customers can just click there.,"Put it down below, and fwd life insurance company will appear. Dear customer, you can click there immediately."
1319.1,1319.4,ค่ะ,yes,Yes (polite particle)
1319.9,1322.6,ค่ะพอกดแล้วหน้านี้มีอะไรบ้างคะ,"Yes, when I click on it, what does this page have?","Here, after clicking, what appears on this page?"
1323.7,1333.1,มีเลขที่อ้างอิง 1 แล้วก็ 2 โอเคค่ะอันนี้ใส่ทั้ง 2 ช่องนะเหมือนกันเดี๋ยวจะขออนุญาตแจ้งทีละ 3 ตัวเหมือนเดิมนะคะเป็น 327 ค่ะ,"There are reference numbers 1 and 2. OK, this one goes into both fields as well. I'll ask for permission to notify you 3 digits at a time as usual. It's 327.",There are reference numbers 1 and 2 okay insert both in the same fields I will request permission to notify 3 digits at a time as usual it is 327
1333.8,1336.7,076 ค่ะ,It's 076.,076 dear
1342.4,1346.7,6 8 9 ค่ะใส่เหมือนกันทั้ง 2 ช่องแล้วก็รบกวนทวนให้นิดนึงค่ะ,6 8 9. Enter the same number in both channels. Please repeat for me a little.,6 8 9 please put the same in both fields and then kindly confirm again for me.
1349.3,1350.2,3 2 7,3 2 7,3 2 7
1351.6,1352.7,0 7 6,0 7 6,076
1354.2,1354.9,6 8 9,6 8 9,6 8 9
1355.7,1355.9, ค่ะ,yes,Yes
1358.9,1366.9,เสร็จแล้วเนาะขั้นตอนต่อไปค่ะคุณลูกค้ามันจะให้คุณลูกค้านะคะส่ง otp ไปที่เบอร์ใช่ไหมคะอันนี้คุณลูกค้ากดแล้วก็,"When you're done, here's the next step. The customer will ask you to send an OTP to the number, right? This is the customer who presses it.","Done already, next step okay, the customer will get an OTP sent to their number, right? This is what the customer needs to enter, okay?"
1367.7,1372.4,ไปเอา otp นะคะมาก่อนได้สลิปแล้วรบกวนแชร์มาให้เสือดำเหมือนเดิมนะคะ,"I'm going to get the OTP first. Once I get the slip, please share it for the Black Panther as usual.","Go get the OTP. Before you get the slip, please share it with me like before."
1412.8,1426.2,แชร์ไปแล้วค่ะได้รับเรียบร้อยแล้วค่ะขอบพระคุณค่ะต่อไปนะคะคุณลูกค้าอันนี้จะเป็นคำถามสุขภาพ 5 ข้อจะได้ขออนุญาตนะถ้าหากว่าข้อไหนไม่สุภาพต้องขออภัยด้วยนะคะคุณลูกค้าพอดีว่าอ่านตามระบบเนาะ,"I've shared it already. I've received it already. Thank you. Next time, customers, this will be 5 health questions so that I can ask for permission. If any of them are not polite, I apologize, customers. I think I read them according to the system.","Shared already, received properly, thank you. Next is 5 health questions, excuse me if any are inappropriate, I'm just reading from the system, dear customer."
1427.1,1440.4,ค่ะท่านเคยถูกปฏิเสธเรื่องการรับประกันภัยเพิ่มอัตราเบี้ยประกันภัยเปลี่ยนแปลงเงื่อนไขสำหรับการขอประกันภัยหรือการขอกลับคืนสู่สถานะเดิมหรือการขอต่ออายุของกรมธรรม์จากบริษัทนี้หรือบริษัทอื่นหรือไม่คะ,"Yes, have you ever been refused insurance, increased premium rates, changed conditions for applying for insurance, or requested reinstatement or renewal of your policy from this company or another company?","Have you ever been denied coverage, had an increased premium, had changes made to your policy conditions, had your policy reinstated or renewed by this or another insurance company?"
1442.9,1450.9,ขอบคุณค่ะท่านเสพหรือเคยเสพยาเสพติดหรือสารเสพติดหรือมีส่วนเกี่ยวข้องกับการค้ายาเสพติดหรือเคยต้องโทษเกี่ยวกับคดียาเสพติดหรือไม่คะ,Thank you. Do you use or have you ever taken drugs or narcotic substances or been involved in drug trafficking or have you ever been convicted of a drug crime?,Thank you. Have you ever used or been involved in the trade of illegal drugs or have you ever been convicted in a drug-related case?
1451.4,1482.0,ขอบคุณค่ะท่านเคยได้รับการวินิจฉัยหรือรับการรักษาหรือตามข้อสังเกตโดยแพทย์ว่าป่วยเป็นโรคเอดส์หรือภูมิคุ้มกันบกพร่องโรคมะเร็งโรคหัวใจโรคหลอดเลือดโรคเบาหวานโรคความดันโลหิตสูงโรคหลอดเลือดในสมองโรคปอดโรควัณโรคโรคหอบหืดโรคเลือดโรคตับโรคไตโรค sle คือการทางร่างกายหรือไม่คะไม่ค่ะขอบคุณค่ะในระหว่าง 5 ปีที่ผ่านมาค่ะท่านเคยได้รับการวินิจฉัยโรคเช่นเอกซเรย์เกิดขึ้นหัวใจตรวจเลือดหรือตรวจด้วยเครื่องมือพิเศษอื่นๆหรือได้รับการปรึกษาเกี่ยวกับสุขภาพหรือเข้ารับการรักษาในสถานพยาบาลหรือไม่คะ,"Thank you. Have you ever been diagnosed or treated or as observed by a doctor that you have AIDS or immune deficiency, cancer, heart disease, vascular disease, diabetes, high blood pressure, cerebrovascular disease, lung disease, tuberculosis, asthma, Blood disease, liver disease, kidney disease, is it a physical disease? No. Thank you. During the past 5 years, have you ever been diagnosed with a disease such as an x-ray, heart test, blood test, or other special equipment test, or received Do you consult about your health or receive treatment at a medical facility?",NA
1485.0,1490.4,ส่วนแรกก็มีโจทย์ประจำปีอ๋อเป็นการตรวจสุขภาพประจำปีอันนี้สุขภาพร่างกายแข็งแรงดีนะคะ,The first part has the annual challenge. It's the annual health check. This one is in good physical health.,"The first part has the annual question, which is the annual health check. This year, my physical health is good."
1497.2,1503.4,แต่มีเป็นหมอปกติก็คือพึ่งเป็นไทรอยด์นี่คือทำได้ไหมคะ,But having a normal doctor means I just have a thyroid problem. Is this possible?,"But there is a normal doctor, it's just thyroid, is it possible?"
1504.5,1506.0,อ่านานหรือยังคะ,Have you read the work yet?,Have you been reading for a long time?
1507.6,1509.4,ซึ่งจะเป็นเมื่อ,which will be when,which will be when
1510.0,1512.9,เดือนที่แล้วเนี่ยค่ะอันนี้ยังรักษาอยู่ไหมคะ,This was a month ago. Is this still being treated?,"Last month, is this still being treated?"
1514.4,1514.8,ใช่ค่ะ,yes,Yes
1515.7,1517.4,ดังนั้นรักษาอยู่อันนี้เป็นโรงพยาบาลไหนคะ,"So, which hospital is this being treated at?",So keep staying here is which hospital?
1518.7,1519.9,โรงพยาบาลลาดพร้าวค่ะ,Lat Phrao Hospital,Ladprao Hospital
1520.7,1522.3,เป็นโรงพยาบาลลาดพร้าวเนาะ,It's Ladprao Hospital.,It's Ladprao Hospital.
1523.0,1525.1,อันนี้เพิ่งตรวจเจอใช่ไหมคะ,Did you just detect this?,"This was just discovered, right?"
1526.2,1526.7,ใช่ค่ะ,yes,Yes
1527.5,1531.8,ลาดพร้าวอันนี้ก็คือยังกินยาปกติใช่ไหมคะ,"Lat Phrao, this means you're still taking your medicine normally, right?","This Lad Phrao is still taking the medicine as usual, isn't it?"
1532.8,1533.5,ใช่ค่ะ,yes,Yes
1536.3,1540.0,ก็คือยังรักษาอยู่เรื่อยๆ,"That is, it is still being treated continuously.",It means continuing treatment
1541.2,1542.1,ใช่ค่ะ,yes,Yes
1547.3,1549.2,นะคะต่อไปนะคะคุณลูกค้า,"Please continue, customers.","Next, please, dear customer"
1550.8,1551.7,สักครู่นะคะ,Just a moment.,In a moment
1555.7,1562.1,ท่านเคยมีหรือกำลังมีอาการกล้ามเนื้ออ่อนแรงกว่าศีรษะรุนแรงเรื้อรังไอเป็นเลือดเจ็บแน่นหน้าอกปวดท้องเรื้อรังอาเจียน,"Have you ever had or are currently experiencing severe, chronic muscle weakness, coughing up blood, chest pain, chronic abdominal pain, and vomiting?","Have you ever had or are you currently experiencing severe, chronic muscle weakness worse than a headache, chronic cough with blood, chest tightness, chronic abdominal pain, vomiting?"
1564.3,1575.1,ขออภัยค่ะปวดท้องเรื้อรังอาเจียนหรือถ่ายเป็นเลือดท้องเสียเรื้อรังปวดข้อเรื้อรังคำพูดก้อนเนื้อในหรือในระหว่าง 6 เดือนที่ผ่านมาถ้ามีอาการอ่อนเพลียหรือน้ำหนักลดลงโดยไม่ดูสาเหตุหรือไม่คะ,"Sorry, chronic stomach pain, vomiting or blood in the diarrhea, chronic diarrhea, chronic joint pain, speech, lump in or during the past 6 months, if you have fatigue or weight loss without looking at the cause?","Sorry, chronic abdominal pain, vomiting or passing blood in stools, chronic diarrhea, chronic joint pain, lumps or masses anywhere in or on the body in the past 6 months, unexplained fatigue or weight loss?"
1578.6,1583.4,ขอบคุณค่ะในรอบ 6 เดือนที่ผ่านมาค่ะอ่าน้ำหนักตัวของท่านเปลี่ยนแปลงหรือไม่คะ,"Thank you. In the past 6 months, has your body weight changed?","Thank you. In the past 6 months, has your weight changed?"
1586.1,1588.7,ก็มีขึ้นๆลงๆแค่เรา,There are ups and downs just for us.,It's just ups and downs for us.
1589.7,1592.4,ขึ้นๆลงๆใช่ไหมคะ,"Up and down, right?","Up and down, right?"
1593.2,1596.0,ใช่ก็คือจากการเราทานนี่แหละเนาะปกติ,"Yes, it's from what we eat. This is normal.","Yes, it's from us eating this, normally."
1596.7,1604.1,ไม่เป็นไรค่ะต่อไปค่ะท่านเป็นผู้มีสัญชาติประเทศที่เกิดที่เกี่ยวข้องกับประเทศสหรัฐอเมริกาหรือไม่คะ,"No problem. Next, are you a citizen of a country of birth related to the United States?","It's okay, going forward, are you a national of a country related to the United States or not?"
1606.0,1618.8,ขอบคุณค่ะท่านเป็นหรือเคยเป็นผู้ถือบัตรประจำตัวผู้มีถิ่นที่อยู่ถาวรอย่างถูกกฎหมายในประเทศสหรัฐอเมริกาหรือไม่ไม่ค่ะขอบคุณค่ะท่านมีหน้าที่เสียภาษีให้แก่กรมสรรพากรของประเทศสหรัฐอเมริกาหรือไม่คะ,Thank you. Are you or have you been a legal permanent resident card holder in the United States? No. Thank you. Are you responsible for paying taxes to the United States Internal Revenue Service?,"Are you or have you ever been a lawful permanent resident of the United States or not? No, thank you. Do you have a tax obligation to the United States Internal Revenue Service or not?"
1622.8,1629.8,ท่านมีสถานะเป็นผู้มีถิ่นที่อยู่ประเทศสหรัฐอเมริกาเพื่อวัตถุประสงค์ในการเก็บภาษีอากรของประเทศสหรัฐอเมริกาหรือไม่คะ,Are you a resident of the United States for United States taxation purposes?,Are you a U.S. person (a U.S. resident alien) for U.S. tax purposes?
1630.6,1636.3,เลยค่ะขอบคุณค่ะอันนี้คุณลูกค้านะคะรบกวนทวนอ่าเลขบัตรประจำตัวประชาชนให้เจออาจารย์นิดนึงค่ะ,Thank you. This one is for the customer. Please repeat the ID card number to see the teacher.,"Thank you so much. This is for you, dear customer. Could you please repeat your national ID number for me?"
1644.5,1650.1,ก็คือเป็น 2 3 2 0 7 0 0 3 6 8 0 0 นะคะ,"That is, it's 2 3 2 0 7 0 0 3 6 8 0 0 .",It is 232070036800 yes
1657.4,1663.6,อ๋อก็คือเป็น 2 3 2 0 7 0 0 3 6 8 0 0 นะคะ,"Oh, that is 2 3 2 0 7 0 0 3 6 8 0 0","Orc means 232070036800, okay?"
1665.2,1669.6,แล้วก็มันหมดอายุของบัตรประจำตัวประชาชนอันนี้พอทราบไหมคะไม่ทราบไม่เป็นไร,And the identity card has expired. Do you know? I don't know. It's okay.,"And then it's the expiration of this ID card, do you know? If you don't know, it's okay."
1671.6,1678.5,ไม่ทราบค่ะไม่เป็นไรค่ะแล้วก็ต่อไปค่ะอันนี้จะเป็นคำขอยินยอมนะคะเป็นคำถาม pdpa นะคะ,"I don't know. It's okay. Next, this will be a request for consent. It's a PDPA question.","I don't know, it's okay, and then go on, this will be a consent request, it's a pdpa question."
1679.0,1696.8,คุณลูกค้านะคะมีความประสงค์และยินยอมให้บริษัทประกันชีวิตส่งและเปิดเผยข้อมูลเกี่ยวกับเบี้ยประกันภัยต่อกรมสรรพากรตามหลักเกณฑ์วิธีการที่กรมสรรพากรกำหนดและหากผู้ขอรับประกันภัยเป็นชาวต่างชาติซึ่งเป็นผู้มีอำนาจที่ต้องภาษีเงินได้ต้องเสียภาษีเงินได้ตามกฎหมายว่าด้วยภาษีอากรอันนี้คุณลูกค้ายินยอมไหมคะ,"Dear customer, you wish and agree to allow the life insurance company to send and disclose information regarding insurance premiums to the Revenue Department in accordance with the rules and procedures specified by the Revenue Department and if the applicant for insurance is a foreigner who is an authorized person who is subject to income tax, he or she must pay. Income tax according to tax law. Do you agree to this?","Dear valued customer, do you consent and allow the life insurance company to send and disclose information regarding your insurance premiums to the Revenue Department in accordance with the criteria and methods prescribed by the Revenue Department? And if the applicant for insurance is a foreigner who is a taxable person, do you consent to having to pay income tax in accordance with the laws on taxation and duties?"
1698.3,1758.2,ขอบคุณค่ะบริษัทไทยพาณิชย์โปรเทคจำกัดและบริษัท fwd ประกันชีวิตจำกัดมหาชนตลาดถึงความสัมพันธ์ในการดูแลข้อมูลส่วนบุคคลเพื่อให้เป็นไปตามพ.ร.บคุ้มครองข้อมูลส่วนบุคคลบริษัทค่ายขอความยินยอมจากคุณลูกค้าซึ่งกรณีที่คุณลูกค้าให้ความยินยอมถือเป็นการให้ความยินยอมสำหรับทุกกรมธรรม์ที่คุณลูกค้ามีอยู่และจะมีกับ fwd นะคะคุณลูกค้ายินยอมให้บริษัทไทยพาณิชย์โปรเทคจำกัดเก็บรวบรวมใช้และเปิดเผยข้อมูลส่วนบุคคลและข้อมูลส่วนบุคคลที่มีความอ่อนไหวเช่นข้อมูลสุขภาพให้แก่บริษัทให้แก่บริษัท fwd ประกันชีวิตจำกัดมหาชนเพื่อวัตถุประสงค์ในการนำเสนอผลิตภัณฑ์บริการและข้อเสนอพิเศษอื่นเกี่ยวกับการประกันภัยและการตรวจสอบที่เกี่ยวข้องรวมถึงยินยอมให้ทำการวิเคราะห์ปรับปรุงผลิตภัณฑ์บริการและข้อและอื่นๆคุณลูกค้ายินยอมนะคะค่ะท่านตกลงและให้ความยินยอมให้บริษัทไทยพาณิชย์โปรเทคจำกัดบริษัทเปิดเผยข้อมูลส่วนบุคคลและข้อมูลใดๆของท่านให้แก่ธนาคารไทยพาณิชย์จำกัดมหาชนและบริษัทในกลุ่มธุรกิจทางการเงินของธนาคารตามที่ปรากฏบน www.scb.co.th.co.th และพันธ,"Thank you Siam Commercial Pro Tech Co., Ltd. and FWD Life Assurance Public Co., Ltd. for their relationship in taking care of personal data in order to comply with the Personal Data Protection Act. The camp company asks for consent from customers, which is the case. The customer gives consent, which is considered consent for all insurance policies that the customer has and will have with fwd. The customer consents to Siam Commercial Protech Company Limited collecting, using and disclosing personal information and personal information. Sensitive information such as health information is provided to FWD Life Assurance Public Company Limited for the purpose of providing insurance products, services and other special offers and related investigations, including consent to analyze and improve products, services and and others, the customer agrees. You agree and give your consent for Siam Commercial Bank Company Limited to disclose your personal information and any information to Siam Commercial Bank Public Company Limited and companies in the financial business group of Bank as shown on www.scb.co.th.co.th and commitments","Thank you, Thai Panich Protech Company Limited and FWD Life Insurance Public Company Limited, for the relationship in taking care of personal data to comply with the Personal Data Protection Act. The company requests consent from customers. In the case that customers give consent, it is considered giving consent for all policies that customers have and will have with FWD. Customers agree to allow Thai Panich Protech Company Limited to collect, use, and disclose personal data and sensitive personal data such as health information to FWD Life Insurance Public Company Limited for the purpose of offering products, services, and other special offers related to insurance and relevant verification, including agreeing to analyze and improve products, services, and other offers. Customers agree. You agree and give consent to Thai Panich Protech Company Limited to disclose your personal data and any information to Siam Commercial Bank Public Company Limited and companies in the bank's financial business group as shown on www.scb.co.th."
1758.3,1817.9,ดีหรือผู้แทนเพื่อการพิจารณาและประกันภัยหรือการจ่ายเงินตามกรมธรรม์คุณลูกค้านะคะยินยอมให้ fwd กับรวบรวมใช้หรือเปิดเผยหาข้อมูลส่วนบุคคลที่อ่อนไหวเช่นข้อมูลสุขภาพของคุณลูกค้าหรือพูดยาวต่อบริษัทประกันภัยอื่นบริษัทประกันภัยต่อหน่วยงานที่มีอำนาจตามกฎหมายบุคลากรทางการแพทย์เพื่อการพัฒนาและประกันภัยหรือการจ่ายเงินตามกรมธรรม์ประกันภัยรถลูกค้านะคะรับทราบว่า fwd เก็บรวบรวมใช้ได้ถือเปิดเผยข้อมูลส่วนบุคคลรวมถึงข้อมูลที่อ่อนไหวของคุณลูกค้าหรือผู้เยาว์เพื่อการพิจารณาและประกันภัยตามนโยบายคุ้มครองข้อมูลส่วนบุคคลในเว็บไซต์ www.fwd.co.th และรับทราบว่า fwd จะเปิดเผยข้อมูลส่วนบุคคลของคุณลูกค้าหรือผู้ย้อนแก่สำนักงานคณะกรรมการคณะกรรมการกำกับและส่งเสริมการประกอบธุรกิจประกันภัยสำนักงานคปภเพื่อการกำกับดูแลธุรกิจประกันภัยสามารถอ่านนโยบายคุ้มครองข้อมูลส่วนบุคคลได้ที่เว็บไซต์ www.oic.or.th คุณลูกค้ารับรองว่าข้อมูลส่วนบุคคลของบุคคลอื่นที่คุณลูกค้าให้แก่ fwd นั้นถูกต้องสมบูรณ์โดยได้รับความยินยอมหรือสามารถอาศัยทางทางกฎหมายในการใช้นะคะ,"Good or representative for consideration and insurance or payment according to the policy, you, the customer, consent to allow fwd to collect, use or disclose sensitive personal information such as health information of the customer or to other insurance companies, reinsurance companies. Work that has legal authority, medical personnel for the development and insurance or payment of car insurance policies. Customers acknowledge that fwd collects, uses, and discloses personal information, including sensitive information, of customers or minors for consideration and Insurance according to the personal information protection policy on the website www.fwd.co.th and acknowledge that fwd will disclose personal information of customers or returnees to the Office of the Insurance Commission, Office of the Insurance Commission for the supervision of the insurance business. You can read the personal information protection policy. at the site www.oic.or.th The customer certifies that the personal information of other people that you provide to fwd is accurate, complete, with consent or can be legally relied upon for use.",NA
1818.2,1835.6,และเปิดเผยข้อมูลรวมถึงได้แจ้งให้บุคคลอื่นรับทราบนโยบายความคุ้มครองข้อมูลส่วนบุคคลของ fwd แล้วและรับรองว่า fwd และสำนักงานคปภสามารถเก็บรวบรวมใช้เปิดเผยข้อมูลส่วนบุคคลตามวัตถุประสงค์ในนโยบายของ fwd และสำนักงานคปภที่เกี่ยวข้องกับการประกันภัยอันนี้ยินยอมนะคะ,"and disclose information, including notifying other people of fwd's personal data protection policy and certifying that fwd and the OIC can collect, use, and disclose personal information according to the objectives in fwd and the OIC's policy. Related to this insurance, I agree.","And disclose information including notifying other persons of FWD's personal data protection policy and certify that FWD and the OIC can collect, use, disclose personal data for the purposes in FWD and the OIC's policies relating to this insurance consent."
1837.2,1886.7,คุณลูกค้ายินยอมให้ fwd เก็บรวบรวมใช้และเปิดเผยข้อมูลส่วนบุคคลเพื่อการวิเคราะห์ปรับปรุงผลิตภัณฑ์บริการอื่นๆคุณลูกค้ายินยอมนะคะค่ะคุณลูกค้ายินยอมให้ fwd เก็บรวบรวมและหรือใช้ข้อมูลส่วนบุคคลและข้อมูลส่วนบุคคลที่มีความอ่อนไหวเพื่อเสนอผลิตภัณฑ์บริการและข้อเสนอพิเศษอื่นรวมถึงโอนและหรือเปิดเผยแก่บริษัทคู่ค้าหรือบริษัทในเครือเพื่อการวิเคราะห์ปรับปรุงบริการผลิตภัณฑ์และอื่นๆรวมถึงการเสนอผลิตภัณฑ์บริการและข้อเสนอพิเศษอื่นๆคุณลูกค้ายินยอมนะคะค่ะหากในอนาคตค่ะคุณลูกค้ามีความประสงค์เปลี่ยนแปลงความยินยอมสามารถติดต่อผ่านศูนย์บริการลูกค้า 1351 ครั้งนี้ fwd ขอเรียนให้ทราบว่าการถอนความยินยอมในภายหลังจะทำให้ท่านเสียสิทธิ์ในการรับข้อเสนอผลิตภัณฑ์ข้อเสนอพิเศษอื่นพิเศษและข่าวสารต่างๆทั้ง 3 fwd และบริษัทคู่ค้าด้วยนะคะค่ะ,"The customer consents to fwd collecting, using and disclosing personal information for analysis and improving products and other services. The customer consents. The customer consents to fwd collecting and using personal information and sensitive personal information to offer. Products, services and other special offers, including transferring and or disclosing to partner companies or affiliated companies for analysis, improving services, products and others, including offering other products, services and special offers, the customer consents. If in the future you wish to change your consent, you can contact the Customer Service Center 1351. This time, fwd would like to inform you that withdrawing your consent later will cause you to lose your right to receive other special product offers. Specials and news from both 3 fwd and partner companies as well.","The customer agrees to allow FWD to collect, use and disclose personal information for product and service analysis and improvement. The customer agrees for FWD to collect, use and/or disclose personal information including sensitive personal information to offer products, services, and special offers including transferring and/or disclosing to partner companies or affiliates for analysis, service and product improvement, and offering products, services and special offers. The customer agrees. If in the future, the customer wishes to change consent, they can contact the customer service center 1351. However, FWD would like to inform that withdrawing consent later will result in the customer losing rights to receive special product offers and news from both FWD and partner companies."
1887.2,1947.0,ค่ะต่อไปค่ะคุณลูกค้าตัวนี้จะเป็นบทยืนยันนิดนึงนะคะผลประโยชน์ที่คุณลูกค้าจะได้รับนะคะดิฉันนะคะเชื้อราคุณโตนดนะคะใบอนุญาตนายหน้าเลขที่ 6603010588 ค่ะจากบริษัทไทยพาณิชย์โปรเทคจำกัดรับประกันภัยโดยบริษัท fwd ประกันชีวิตจำกัดมหาชนขออนุญาตยืนยันข้อมูลนะคะเพื่อเป็นการรับสมัครความคุ้มครองทางโทรศัพท์โดยไม่ต้องกรอกเอกสารการสมัครใดๆทั้งสิ้นขณะนี้ค่ะคุณนฤมลแสงทองมีอายุระหว่าง 20-50 ปีต้องการสมัครทำประกันชีวิตแบบตลอดชีวิตคุ้มครองโรคร้ายแรง 90 ปี 90/20 กับบริษัท fwd ประกันชีวิตจำกัดมหาชนดำเนินธุรกิจประกันชีวิตในประเทศไทยภายใต้การกำกับการกำกับดูแลของคปภดิฉันขอยืนยันผลประโยชน์ที่คุณนฤมลจะได้รับนะคะคุณนฤมลสมัครรับความคุ้มครองประกันชีวิตแบบตลอดชีวิตคุ้มครองโรคร้ายแรง 90/20 เลยผลประโยชน์ความคุ้มครองที่คุณนฤมลจะได้รับดังนี้ค่ะ 1 กรณีเจ็บป่วยด้วยโรคร้ายแรงโรคร้ายแรงระดับเริ่มต้น 4 โรคเช่นโรคมะเร็งระยะไม่ลุกลามบริษัทศึกษา 25% ของทุนประกันภัยได้อย่างช่วยแบ่งเบาภาระโดยบริษัทจะยกเว้นค่าเบี้ย,"Next, customers, this will be a bit of confirmation of the benefits that customers will receive. I am Mr. Fungus, Mr. Tond. Broker's license number 6603010588 from Siam Commercial Bank Protech Company Limited. Insurance by FWD Life Insurance Public Company Limited. Please allow me to confirm the information in order to apply for coverage over the phone without having to fill out any application documents at this time. Ms. Narumon Saengthong is between 20-50 years old and wants to apply for life insurance for the rest of her life. Critical illness coverage for 90 years 90/20 with FWD Life Assurance Public Company Limited operates life insurance business in Thailand under the supervision of the OIC. I would like to confirm the benefits that Khun Narumon will receive. Khun Narumon has applied for life insurance coverage. For life, critical illness coverage is 90/20. The benefits of coverage that Khun Narumon will receive are as follows: 1 case of serious illness, 4 initial serious diseases such as non-invasive cancer, the company studies 25% of the sum insured. Help ease the burden, with the company waiving the premium.","Next, dear customer, this will be a small confirmation regarding the benefits you will receive. My name is Nuttanon, a licensed insurance agent with license number 6603010588 from Thai Commercial Protect Co., Ltd., representing FWD Life Insurance Public Company Limited. Allow me to confirm the details for your telephone insurance application without any paperwork required. Currently, Ms. Naruemon Sangthong, aged between 20-50 years old, would like to apply for a whole life insurance plan with critical illness coverage until age 90, with a 20-year premium payment term, from FWD Life Insurance Public Company Limited, which operates life insurance business in Thailand under the supervision of the Office of Insurance Commission (OIC). 

Let me confirm the benefits Ms. Naruemon will receive. Ms. Naruemon is applying for a whole life insurance plan with critical illness coverage until age 90, with a 20-year premium payment term. The benefits Ms. Naruemon will receive are as follows:

1. In case of critical illness: For 4 early-stage critical illnesses such as early-stage cancer (non-invasive), the company will pay 25% of the sum assured to help alleviate financial burden, and premium waiver will be granted."
1947.2,2007.0,"ใครที่เหลือทันทีหลังจากได้รับวินิจฉัยว่าเจ็บปวดด้วยโรคร้ายแรงระดับเริ่มต้นค่ะโรคร้ายแรงระดับรุนแรง 15 โรคเช่นโรคมะเร็งระยะลุกลามโรคกล้ามเนื้อหัวใจการเฉียบพลันจากการขาดเลือดไตวายเรื้อรังโรคหลอดเลือดสมองแตกเกิดอาการโรคหลอดลมปอดอุดกั้นเรื้อรังข้างรุนแรงหรือโรคปอดระยะสุดท้ายบริษัทจะจ่าย 100% ของศูนย์ประกันภัยห่างไกลผลประโยชน์กรณีเจ็บป่วยด้วยโรคตาแดงระดับเริ่มต้นที่จ่ายไปแล้วโดยจำกัดเพียง 1 โรค 1 โรคร้ายแรงเท่านั้นและจ่ายผลประโยชน์นี้เพียงครั้งเดียวตลอดอายุกรมธรรม์ค่ะ 2 กรณีเสียชีวิตภายในระยะเวลาประกันภัยก่อนวันครบรอบปีกรมธรรม์ที่อายุ 90 ไปรับ 100% ของตัวประกันภัย 500,000 บาทค่ะหากลดผลประโยชน์กรณีจะเปิดฤดูกาลระดับเริ่มต้นที่แตกไปแล้วนะคะถ้ามี 3 กรณีมีชีวิตอยู่กรณีมีชีวิตอยู่นะวันครบกำหนดสัญญาปีกรมธรรม์ที่อายุ 50 ปีรับ 100% ของทุนประกันภัย 500,000 บาทค่ะก็ให้ผลประโยชน์กรณีเจ็บป่วยด้วยโรคร้ายแรงระดับเริ่มต้นที่แตกไปแล้วนะคะถ้ามีทางบริษัทจ่ายผลประโยชน์ตามข้อ 1 หรือ 2 หรือ 3 เป็นทุนประกันภัยและกรมธรรม์นี้จะสิ้นสุดแต่สิ้นผลบังคับทันทีค่ะโดยแบบประกันนี้มีข้อโตมีตัวอย่างข้อ","Whoever is left immediately after being diagnosed is suffering from an initial serious disease in 15 severe diseases such as advanced cancer, heart muscle disease, acute ischemic attack, chronic kidney failure, hemorrhagic stroke, bronchopulmonary disease. Severe chronic obstructive pulmonary disease or end-stage lung disease, the company will pay 100% of the insurance center for benefits in the case of initial conjunctivitis already paid, limited to 1 disease, 1 serious disease only, and pay the results. This benefit is only available once throughout the life of the policy. In the event of 2 deaths within the insurance period before the policy anniversary date at age 90, you will receive 100% of the insured amount of 500,000 baht if the benefit is reduced in the case of a different entry-level season. And if there are 3 cases of life, in the case of living on the contract expiration date of the policy year at age 50, receive 100% of the sum assured of 500,000 baht, it will provide benefits in the case of illness with an initial serious illness that has already broken. If there is a company that pays benefits according to number 1 or 2 or 3 as the insured sum and this policy will terminate but will cease to be effective immediately, this type of insurance has large clauses and examples of clauses.",NA
2007.2,2029.1,ยกเว้นดังนี้ค่ะ 1 5 ตัวตายภายใน 1 ปีนับตั้งแต่วันเริ่มมีผลคุ้มครองตามกรมธรรม์หรือถูกผู้รับผลประโยชน์ฆ่าตายค่ะ 2 ไม่เปิดเผยความจริงเลยแสดงความคิดบริษัทจะบอกล้างสัญญาภายใน 2 ปี 3 การเจ็บป่วยด้วยโรคร้ายแรงเกิดขึ้นก่อนวันเริ่มมีผลคุ้มครองหรือเกิดขึ้นภายในระยะเวลาไม่คุ้มครอง 90 วันนับแต่วันที่สัญญาเริ่มมีผลคุ้มครองทั้งนี้ค่ะคุณนฤมลสามารถศึกษารายละเอียดเพิ่มเติมได้จากอ่ากรมธรรม์ค่ะ,The exceptions are as follows: 1. 5 The body dies within 1 year from the effective date of coverage under the policy or is killed by the beneficiary. 2. Did not reveal the truth and expressed the idea that the company will cancel the contract within 2 years. 3. Illness with a serious disease. Happens before the effective date of coverage or occurs within the 90-day non-coverage period from the date the contract begins effective coverage. Mr. Narumon can study additional details from the policy reading.,"Except for the following: 1. 5 deaths within 1 year from the effective date of coverage under the policy or being killed by the beneficiary. 2. Not disclosing the truth, the company will cancel the contract within 2 years. 3. Serious illnesses that occurred before the effective date of coverage or occurred within the non-coverage period of 90 days from the date the policy became effective. Mrs. Narumon can study more details from the policy."
2030.3,2048.7,"คุณนฤมลค่ะตกลงยินยอมให้บริษัท fwd ประกันชีวิตจำกัดมหาชนเรียกเก็บค่าเบี้ยประกันภัยของครูนฤมลโดยชำระเบี้ยรายเดือนเป็นดำเนินเป็นจำนวนเงินงวดละ 1,485 บาทระยะเวลาการชำระเบี้ยประกันภัย 20 ปีผ่านบัญชีธนาคารออมทรัพย์อันนี้คุณลูกค้าตกลงนะคะค่ะรบกวนตอบตกลงให้นิดนึงค่ะ","Khun Narumon, I agree to allow FWD Life Insurance Public Company Limited to collect the premiums of Teacher Narumon by paying monthly premiums in the amount of 1,485 baht per installment for a period of 20 years of premium payment through a savings bank account. This, the customer agrees. Yes, please give me a small answer.","Ms. Narumon, please confirm that you agree to allow FWD Life Insurance Public Company Limited to collect the insurance premium for Ms. Narumon by paying a monthly installment of 1,485 baht for a period of 20 years through the savings bank account. Please confirm your agreement, Ms. Customer."
2049.6,2109.4,ตกลงค่ะขอบคุณค่ะหลังจากนี้ค่ะเมื่อกรมธรรม์ได้รับการอนุมัติแล้วค่ะคุณโอคุณนฤมลจะได้รับ SMS 2 ข้อความนะคะจาก fwd ที่ 1 จะแจ้งยืนยันกรมธรรม์ที่ได้รับการอนุมัติพร้อมลิงก์เข้าไปตรวจสอบอ่าข้อมูลกรมธรรม์รายละเอียดความคุ้มครองและรอบการชำระค่าเบี้ยเมื่อคุณนฤมลตรวจสอบเรียบร้อยแล้วกรุณากดยืนยันความถูกต้องของกรมธรรม์ที่ด้านล่างสุดด้วยค่ะส่วน SMS ที่ 2 จะเป็นลิงก์เพื่อยืนยันตัวตนสำหรับทาอ่าการทำประกันผ่านระบบ EK yc นะคะด้วยตนเองเป็นขั้นตอนสำคัญที่กฎหมายกำหนดและต้องใช้บัตรประชาชนประกอบด้วยนะคะเพื่อเป็นการรักษาผลประโยชน์อ่าความคุ้มครองของกรมธรรม์ให้มีผลบังคับอย่างต่อเนื่องกรุณาชำระเบี้ยประกันภัยเมื่อถึงกำหนดชำระทุกครั้งเพราะหากกรมธรรม์อายุค่ะคุณนฤมลจะต้องส่งหลักฐานแสดงว่ามีสุขภาพสมบูรณ์และสามารถทำประกันชีวิตต่อได้ตามเงื่อนไขอ่ากรมธรรม์หรือไม่ค่ะคุณสามารถเปลี่ยนแปลงวิธีการชำระเบี้ยประกันภัยหรือเปลี่ยนแปลงข้อมูลส่วนตัวเช่นที่อยู่เบอร์โทรอีเมลกรุณาติดต่อ fwd ที่ 13 ที่หมายเลข 1351 ค่ะคุณจะได้รับเล่มกรมธรรม์ประกันชีวิตภาย,"OK, thank you. After this, when the policy has been approved, Khun O Khun Narumon will receive 2 SMS messages from fwd no. 1, confirming that the policy has been approved along with a link to check and read the detailed policy information. Coverage and premium payment period. Once Mr. Narumon has verified, please click to confirm the correctness of the policy at the bottom. The second SMS will be a link to confirm your identity for you to apply for insurance through the EK system. yc in person is an important step required by law and must include an ID card in order to maintain the benefits and protection of the policy to be continuously effective. Please pay the premium when it is due every time because If the policy is expired, Khun Narumon must submit evidence showing that he is in perfect health and able to continue with life insurance according to the policy conditions or not. You can change the method of paying premiums or change personal information such as address, telephone number, email. Contact fwd at number 13 at number 1351. You will receive a life insurance policy book.","Okay, thank you. After this, when the policy is approved, you, Ms. Naruemon, will receive 2 SMS messages from FWD. The first one will confirm the approved policy and provide a link for you to check the policy details, coverage, and payment period. After you have checked, please confirm the accuracy of the policy at the bottom. The second SMS will be a link for identity verification for taking out insurance through the EK yc system. This is an important step required by law and you will need to use your national ID card to maintain the policy's coverage and continuity. Please make timely premium payments, as if the policy lapses, you will need to provide evidence of good health to be able to continue the insurance under the policy's conditions. You can change your payment method or personal details like address, phone number, or email by contacting FWD at 1351. You will receive the policy document within..."
2109.5,2169.3,ภายใน 10 วันทำการนับจากวันที่บริษัทอนุมัติรับประกันภัยกรุณาตรวจสอบความถูกต้องเงื่อนไขความคุ้มครองและข้อยกเว้นรวมถึงรายละเอียดต่างๆในกรมธรรม์ทางนี้ทางสำนักงานกปภกำหนดว่าภายใน 7 วันนับจากวันที่บริษัทรับจากวันที่ทางบริษัทได้จัดส่งกรมธรรม์จะมีเจ้าหน้าที่ติดต่ออีกครั้งเพื่อให้แน่ใจว่าคุณนฤมลได้รับกรมธรรม์เรียบร้อยแล้วนะคะหากคุณหากคุณนฤมลพิจารณารายละเอียดจากเล่มกรมธรรม์ได้มีความประสงค์ที่จะยกเลิกกรมธรรม์ประกันชีวิตคุณณัฐวุฒิมวลแสงทองสามารถแปลงเป็นลายลักษณ์อักษรให้กับเป็นลายลักษณ์อักษรให้ fwd ทราบภายใน 30 วันนับตั้งแต่วันที่ได้รับกรมธรรม์ประกันชีวิตค่ะโดยคุณนฤมลจะได้รับเบี้ยประกันชีวิตคืนเต็มจำนวนรวมถึงหากกรณีคุณลูกค้าประสงค์เวณคืนกรมธรรม์ก่อนครบกำหนดคุณลูกค้าอาจจะได้รับเงินคืนเป็นจำนวนน้อยกว่าเบี้ยประกันภัยที่จ่ายไปแล้วครั้งนี้ขึ้นอยู่กับระยะเวลาที่เวนคืนตามตารางท้ายกรมธรรม์ค่ะหากคุณนฤมลค่ะมีข้อสงสัยหรือต้องการข้อมูลเพิ่มเติมติดต่อได้ที่ 1314 SCB protect Call Center หรือแอป LINE official account satip มี protect นะคะกรณีไม่ได้รับเล่มกรมธรรม์,"Within 10 business days from the date the company approves the insurance, please check the accuracy of the conditions of coverage and exceptions, including various details in the policy. This way, the Provincial Waterworks Authority determines that within 7 days from the date the company receives it from On the day that the company has sent the policy, an official will contact you again to make sure that Mr. Narumon has received the policy. If you, Mr. Narumon, after considering the details from the policy booklet, wish to cancel the life insurance policy. Mr. Nattawut Muansaengthong can convert it in writing to FWD within 30 days from the date of receiving the life insurance policy. Mr. Narumon will receive a full refund of the life insurance premiums, including in the case that the customer wishes to When returning the policy before its maturity date, the customer may receive a refund in an amount less than the premium paid this time, depending on the surrender period according to the table at the end of the policy. If you have questions or need additional information, You can contact us at 1314 SCB protect Call Center or the LINE official account satip app. There is protection in case you don't receive the policy book.",NA
2169.4,2204.0,มีข้อสงสัยในรายละเอียดของรายละเอียดกรมธรรม์สอบถามได้ที่บริษัท fwd ประกันชีวิตจำกัดมหาชนที่หมายเลข 1351 ในวันและเวลาทำการค่ะคุณนฤมลแสงทองตกลงตามข้อความที่กล่าวมาทั้งหมดนะคะค่ะรบกวนตอบตกลงให้นิดนึงค่ะตกลงค่ะอันนี้รบกวนคุณลูกค้านะคะทวนเบอร์โทรศัพท์ที่สามารถนะคะรับ SMS ได้หน่อยค่ะคุณลูกค้าอันนี้เป็นเบอร์อะไรคะ 097-2241858 โอเคค่ะตรงนี้ข้อมูลครบถ้วนเรียบร้อยแล้วค่ะคุณลูกค้าถ้าหากว่ามีข้อมูลตรงไหนตกหล่นยะลาขออนุญาตติดต่อกลับไปสอบถามอีกครั้งนึงนะคะ,"If you have any doubts about the details of the policy details, please inquire at FWD Life Assurance Public Company Limited at number 1351 on business days and hours. Mr. Narumon Saengthong agrees with all of the above messages. Please answer a little. I agree. I'm bothering you, please. Please repeat the phone number that can receive SMS. What number is this? 097-2241858. OK, here the information is complete. Customers, if there is any information missing in Yala, please allow me. Please contact me to inquire again.","If you have any questions regarding the details of the insurance policy, please contact the FWD Life Insurance Public Company Limited at 1351 during business hours. Ms. Naruemon Saengthong agrees with all the information mentioned. Please confirm. Could the customer please repeat the phone number that can receive SMS? What is the customer's phone number? 097-2241858. Okay, the information is now complete. If any information is missing, I apologize and will contact you again to inquire further."
2205.6,2214.3,ค่ะขอบคุณที่ไว้วางใจให้ SCB protect ดูแลคุณได้ครอบครัวนะคะไทยพาณิชย์โพสต์ให้คุ้มครองคุ้มค่าเคียงข้างคุณสวัสดีค่ะสวัสดีค่ะ,"Thank you for trusting SCB protect to take care of you and your family. SCB posted to provide worthwhile protection by your side. Hello, hello.","Thank you for trusting SCB Protect to take care of you and your family. Siam Commercial Bank posts to provide protection worthy of staying by your side. Hello, hello."
