Start time,End time,Transcript,English Translation
13.200,17.000,ฮัลโหลสวัสดีค่ะขออนุญาตเล่นสายคุณนันทพงศ์ค่ะ,"Hello, please allow me to play Khun Nanthaphong's line."
17.700,72.300,เสาวนีย์ติดต่อจากไทยพาณิชย์โปรเทคสำนักงานใหญ่ค่ะรบกวนเวลาสักครู่สะดวกคุยสายได้นะคะค่ะขอบพระคุณมากค่ะก่อนอื่นเจ้าหน้าที่ขอแนะนำตัวเองตามกฎหมายนะคะชื่อเสาวนีย์วาดฐานเลขที่ใบอนุญาต 6603013069 ขออนุญาตบันทึกเสียงการสนทนาเพื่อนำไปปรับปรุงการให้บริการนะคะวันนี้ที่โทรหาคุณนันทพงศ์เนื่องด้วยไทยพาณิชย์สำนักงานใหญ่ค่ะจัดเป็นแคมเปญพิเศษเพื่อฉลองครบรอบ 118 ปีหรือจัดทำโครงการเฉพาะกิจให้กับลูกค้าที่มีรายชื่อเข้ามาจังหวัดละ 100 รายชื่อนะคะทีนี้ขออนุญาตสอบถามคุณนันทพงศ์นิดนึงปัจจุบันยังใช้ไทยพาณิชย์อยู่ไหมคะตอนนี้ใช้เป็นบางครั้งพี่อ๋อแต่ไม่ได้ตลอดอ่ะโอเคขอบพระคุณมากค่ะเดี๋ยวพี่ขออัปเดตที่อยู่ที่เคยให้ไว้อยู่นิดนึงนะอยู่ที่ตำบลป่าตองอำเภอกระทู้จังหวัดภูเก็ตถูกต้องไหมคะ,"Saowanee is contacted from Siam Commercial Bank Pro Tech Head Office. Please give me a moment. You can chat on the phone. Thank you very much. First of all, the official would like to introduce myself according to the law. My name is Saowanee, drawing base, license number 6603013069. Please allow me. Record the conversation to use to improve service. Today I called Mr. Nanthaphong due to Siam Commercial Bank Head Office. It is organized as a special campaign to celebrate the 118th anniversary or create a special project for customers who are on the list. 100 names per province. Now, please allow me to ask Mr. Nanthaphong a little bit. Do you still use Siam Commercial Bank? Right now, I use it sometimes, P'O, but not all the time. OK, thank you very much. I'll update it at the moment. The address that was previously given is a little bit in Patong Subdistrict, Kathu District, Phuket Province. Is that correct?"
132.800,192.600,"นะคะที่มีคนเข้าร่วมโครงการมากถึง 90% นะคะก็คือเดือนละ 3,375 บาทนะคะ 1 ปีนะคะเราเก็บมาเดือนละ 3,375 ครบปีเนี่ยเราจะมีเงินเก็บอยู่ที่ 40,000 บาทพี่ขอคิดเลขกลมๆก่อนนะถ้าน้องนันทพงศ์ค่ะนำเงินตรงนี้ไปฝากที่แบงค์พี่ขอเป็นออมทรัพย์นะสิ้นปีออมทรัพย์เนี่ยมันจะอยู่ประมาณ 0.25% สิ้นปีหนูจะได้รับดอกเบี้ยแบงค์เพียงแค่ 100 บาทอันนี้พี่คิดให้มองเห็นภาพเลยนะแต่ถ้าณัฐพงษ์อ่ะค่ะนำเงิน 40,000 บาทมาเก็บออมไว้ในตัวโครงการซึ่งเป็นเงินเก็บเงินออมเหมือนๆกันเนี่ยนะคะสิ้นปีไทยพาณิชย์มอบไปเลยค่ะเช็คการันตีเงินคืนซึ่งเปรียบเสมือนดอกเบี้ยแบงค์ปีละ 4,000 บาทนะคะเริ่มตั้งแต่ปีแรกก็ 4,000 บาทปีที่ 2 เก็บออมเข้ามาอีกก็ 4 ผ่านนะคะเท่านั้นยังไม่พอค่ะเนาะนันทพงศ์ไทยพาณิชย์มีความห่วงใยคุณลูกค้าด้วยก็เลยได้รับ","As many as 90% of people join the project, that's 3,375 baht per month. For 1 year, we've saved 3,375 baht per month. After the year ends, we'll have 40,000 baht saved. I'd like to do some math. First of all, if Nong Nanthaphong takes the money here and deposits it at the bank, I would like it to be savings. At the end of the year, the savings will be around 0.25%. At the end of the year, I will receive only 100 baht in interest from the bank. This is what I think. Let you see the picture, but if Natthaphong brings 40,000 baht to save in the project, which is the same savings, at the end of the year Siam Commercial Bank will give it away. Check guaranteed. The money back is like bank interest of 4,000 baht per year. Starting from the first year, it's 4,000 baht. In the second year, if you save again, it's 4 passes. That's not enough. Nanthaphong SCB also cares about customers. So I received it."
192.700,252.500,"แล้วมื้อมาจากบริษัท fwd นะคะซึ่งเป็นบริษัทประกันภัยที่มาแรงแล้วเป็นบริษัทพาร์ทเนอร์ของไทยพาณิชย์ด้วยนะคะเข้ามาดูแลทุนชีวิตในกรณีเสียชีวิตทุกกรณีเลยตั้งแต่วันแรกที่เปิดการออมเข้ามาจนจบโครงการที่ทุนประกัน 480,000 บาทนะคะไม่ว่าจะเป็นการจากไปด้วยอุบัติเหตุนะคะเรื่องของสุขภาพโรคร้ายแรงการถูกฆาตกรรมรอบทำร้ายเราดูแลให้ทั้งหมดนะคะข้อยกเว้นที่เราไม่ดูแลมันไม่เกิดขึ้นอยู่แล้วค่ะน้องตะพงก็คือไม่ฆ่าตัวเองตายภายในปีแรกไม่ถูกผู้รับผลประโยชน์ค่าตายแค่นั้นเองนอกนั้นเราดูแลให้ทั้งหมดเลยนะคะด้วยทุนประกัน 480,000 บาทนะคะทีนี้การออมค่ะไทยพาณิชย์บอกว่าน้องนันทพงศ์ไม่ต้องออมเยอะออมแค่ 14 ปีพอเพราะว่าหลังจากนั้นน่ะเราจะมีผลตอบแทนให้น้องเป็นเงินกินเปล่าเข้ากระเป๋าโดยที่น้องนางทำผมไม่ต้องทำอะไรเลยนะคะแต่จะเป็น doublech * 2 หมายถึงว่าจะเคยได้รับ 4,000 บาทเนี่ยน้องณัฐพงษ์จะกลายเป็น 8,000 บาท","And the meals come from FWD Company, which is a very popular insurance company and is also a partner company of Siam Commercial Bank, coming to take care of life funds in the event of death in all cases, from the first day the savings were opened until The project ended with a insured sum of 480,000 baht. Whether it was death due to an accident, health issues, serious illnesses, murder, attacks, we will take care of all of them. Exceptions that we don't take care of don't happen anymore. Nong Taphong does not kill himself within the first year and does not receive the beneficiary's death cost. That's all. Other than that, we take care of everything with an insurance fund of 480,000 baht. Now, savings, Siam Commercial Bank said that Nong Nanthapong did not You have to save a lot for just 14 years because after that we will have a reward for you in the form of free money that goes into your pocket. You don't have to do anything when you do your hair, but it will be a doublech * 2, meaning that you will receive it. 4,000 baht Nong Natthaphong will become 8,000 baht."
252.600,296.000,"อีก 10 ปีนะคะจบโครงการนะคะนั่นก็คงจะได้รับเช็ค 2 ใบใบแรกเป็นเช็คการันตีกันคือที่น้องได้รับมาทุกปีเนาะ 8,000 บาทเช็คใบที่ 2 เป็นเงินเก็บของน้องเองอยู่ที่ 480,000 บาทเพราะฉะนั้นผลประโยชน์ตลอดสัญญารวมจะอยู่ที่ 6.16,000 บาทนะคะที่นี้ที่ขอเสียมารยาทนิดนึงปัจจุบันน้องณัฐพงษ์มีการยื่นลดหย่อนภาษีด้วยไหมคะโอเคถ้าให้อนาคตมีตัวโครงการทั้ง 14 ปีที่เราเก็บออมเนี่ยเราสามารถไปยื่นรถยนต์ภาษีได้ด้วยที่นี้ในแต่ละเดือนน่ะค่ะเนาะถ้าพงษ์พี่จะขออนุญาตสอบถามนิดนึงปัจจุบันน้องตะพงอ่ะค่ะมีการเก็บออมในแต่ละเดือนประมาณเดือนเท่าไหร่คะ","In another 10 years, when the project will be finished, you will likely receive 2 checks. The first one is a guaranteed check, which you receive every year, 8,000 baht. The second check is your own savings of 480,000 baht. Therefore, the total benefit throughout the contract will be 6,16,000 baht. I would like to be a little rude here. Currently, Nong Nattaphong has applied for a tax deduction as well. Is it okay if the future includes the project for all 14 years that we have? To save, we can go and submit the car tax here each month. If Pong, I would like to ask permission to ask a little bit. Currently, Nong Taphong, how much do you have to save each month?"
297.900,302.100,มันก็แล้วแต่ค่าใช้จ่ายแต่ละเดือนนะพี่เพราะว่าบางครั้งก็,It depends on the expenses each month because sometimes
302.900,355.400,"4000 5000 บ้าง 3,000 ล่างแล้วแต่โอเคเพราะฉะนั้นก็คือไม่แน่นอนแต่ก็มีการเก็บออมถูกไหมมันก็เป็นเรื่องที่ดีถูกไหมคะทีนี้พี่อยากเรียนแจ้งมาตั้งแต่พงษ์นี้การเก็บออมไปเลือกที่ดีอยู่แล้วแต่เราจะเก็บไงให้ได้ผลประโยชน์พี่ไม่ต้องการให้น้องเอามาเก็บไว้ในตัวโครงการนี้ทั้งหมดก็ได้ลองดูตัวผลประโยชน์ดูก่อนสมมุติ 3 /375 บาทถ้าน้องพอไหวนะคะตรงนี้พี่อยากแนะนำเพราะว่าทุนประกันเนี่ยมันก็จะอยู่ที่ 480,000 บาทแต่อันนี้พี่ไม่ได้อยากให้น้องต้องเป็นอะไรนะพี่เห็นทุนมันเยอะนะคะทีนี้ถ้าผลตอบแทนในทุกๆปีเนี่ยตั้งแต่ปีแรกถึงปีที่ 14 มันก็ปีละ 4,000 บาทถูกมั้ยคะปีที่เราหยุดเก็บหยุดออมเนี่ยปีละ 8,000 บาทอีก 10 ปีเพราะฉะนั้นตัวผลประโยชน์ตรงเนี้ยมันจะเยอะทีนี้พี่สอบถามอีกนิดนึงปัจจุบันเนาะนันทพงศ์ค่ะมีการเปิดใช้บัตรเครดิตด้วยมั้ย","4000, 5000, sometimes 3,000, lower, but it's ok, so it's not certain, but if you have the right savings, is that a good thing? Is that right? Now, I want to learn from this point on saving and making good choices, but it's up to us. How do I collect it to get the benefits? I don't want you to keep it all in this project. You can try to see the benefits first. Let's say 3/375 baht. If you can afford it, here I would like to recommend it because of the insurance fund. It will be 480,000 baht, but this time, I don't want anything to happen to my younger sibling. I see a lot of capital. Now, if the return every year, from the first year to the 14th year, is 4,000 baht per year, that's right. Is it true? The year we stop saving, it will be 8,000 baht per year for another 10 years, so the direct benefits will be a lot. Now, I'd like to ask a little more. Currently, Nanthaphong, are there any credit card applications?"
356.500,416.200,"ไม่ๆพี่ไม่เคยใช้บัตรเครดิตอะไรทั้งนั้นโอเคเพราะว่าที่พี่ถามเนี่ยไม่ได้มีเจตนาไม่ดีอะไรอย่างนั้นนะพี่หมายถึงว่าถ้าหนูมีการเปิดใช้บัตรเครดิตเนี่ยเราสามารถออมหักบัตรเครดิตได้ด้วยถูกไหมคะเพราะฉะนั้นหนูจะจ่ายตามรอบบิลยังไงก็ได้ใช่ไหมคะขั้นต่ำหรืออะไรก็แล้วแต่แล้วแต่ความสะดวกของน้องณัฐพงษ์เลยแต่ยังไงวันนี้พี่อยากเรียนเชิญนะคะเก็บออมยอดแรกยอดเดียวนะคะแล้วก็ไม่เกิน 10 วันทำการนะคะพี่เสาวนีย์ไม่ได้มาเรียนเชิญปากเปล่านะไม่เกิน 10 วันทำการเนี่ยพี่เสาวนีย์จัดส่งเอกสารในการเก็บออมรูปเล่มกรมธรรม์ที่มีผลใช้ตามกฎหมายนะให้น้องตรวจสอบตัวผลประโยชน์จากคนในครอบครัวดูก่อนนะคะถ้าผลประโยชน์โดนใจพี่เสาวนีย์ดูแลต่อจนจบโครงการแต่ถ้าน้องเห็นว่าตัวเนี้ยมันไม่โอเคเออผลประโยชน์มันน้อยหรืออะไรเนาะสามารถใช้สิทธิ์ตามกฎหมายได้เลยยุติตัวโครงการแล้วรับเงิน 3,375 บาทกลับไปเต็มจำนวนโดยไม่หักค่าใช้จ่ายนะคะทีนี้ตัววันเนี้ยยอด","No, I've never used a credit card. It's okay because I'm asking this without any bad intentions. What I mean is that if I open a credit card, I can save by debiting my credit card. Is it right? Therefore, I can pay according to the billing cycle however I want, right? The minimum or whatever depends on Nong Natthaphong's convenience. But anyway, today I would like to invite you to save the first amount. It won't take more than 10 business days. Sister Saowanee didn't come to give the invitation orally. It won't take more than 10 business days. Sister Saowanee will send the savings documents in the form of an insurance policy that is legally valid for her to check. Verify the benefits from family members first. If the benefits are to your liking, P'Saowanee will continue to take care of them until the project ends. But if you see that this is not okay, is the benefits low or something, then you can use your legal rights. So I ended the project and received 3,375 baht back in full without deducting expenses. Today, this is the total amount."
416.500,428.200,"แรกยอดเดียวที่ 3,375 บาทนะคะก็เก็บออมไว้ได้ด้วยกันนะคะปัจจุบันน้องบอกอยู่ที่ภูเก็ตเหรอแล้วบ้านเลขที่ตั้งอ่ะค่ะตามหน้าระบบอ่ะค่ะน้องยืนยันไฟล์เสียงในคลิปนิดนึง","The first amount is only 3,375 baht, so we can save together. Currently, you said you're in Phuket? And the house number is the location, as per the system page. You confirmed the audio file in the clip a bit."
430.700,440.000,ที่ผมอยู่นั้นใช่ไหมรับเอกสารกรมธรรม์สำคัญเนี่ยค่ะแล้วก็เป็นเอกสารเช็คด้วยบ้านเลขที่เท่าไหร่คะ,"Where I live, do I receive important policy documents? Also, it's a check document with what house number?"
441.300,479.400,มีหมูไหมคะน้องนันทพงศ์ไม่มีครับพี่ลงไว้เป็นร้านกะทิสดใช่ไหมโอเคโอเคอันนี้อยู่เป็นอยู่ที่บ้านเลยใช่ไหมร้านกะทิสดเนี่ยมันเป็นมันเป็นร้านที่เราเช่าขายของอยู่ที่ป่าตองป่าตองอันนี้ป่าตองเป็นอำเภอใช่ไหมคะอำเภอป่าตองหรือว่าอำเภออะไรอำเภอกะทู้อ๋ออำเภอกะทู้ตำบลป่าตองอำเภออ้อโอเครหัสไปรษณีย์จะเป็น 83150 ถูกต้องไหม,"Do you have pork? Nong Nanthaphong, don't have any. I posted it. It's a fresh coconut milk shop, right? Okay, okay. This one is right at home, right? It's a fresh coconut milk shop. It's a shop that we rent to sell things in the forest. Tong, Patong, this one, Patong is a district, right? Patong District or what district? Kathu District, Oh, Kathu District, Patong Subdistrict, Oh District, OK, the zip code will be 83150, is that correct?"
480.400,485.200,ใช่ครับโอเคที่อยู่ตามทะเบียนบ้านน้องสะดวกให้ไหมถ้าไม่สะดวกไม่เป็นไร,"Yes, OK. Is the address according to your house registration convenient for you? If it's not convenient, that's okay."
486.400,543.700,มันมีแต่ตามร้านนั้นอ่ะพี่ 46/5 นั่นแหละพี่ขออนุญาตสะกดชื่อน้องนิดนึงปัจจุบันใช้คำนำหน้าเป็นนายเนาะที่ถ้าพี่สะกดผิดน้องสามารถแย้งพี่ได้นะนันทพงศ์สะกดเป็นนหนูไม้หันอากาศนหนูททหารพพานงงูสาการันต์เนาะนันทพงศ์นามสกุลนิธีสะกดเป็นนหนูสระอิททหารสระอีถูกต้องนะคะแล้วก็หนูเกิด Birthday วันที่ 14 เดือน 12 1989 นะคะสถานภาพตอนนี้สดหรือว่าสมรสนะจ๊ะโอเคแล้วก็ตอนนี้อายุ 34 ปี 3 เดือน 28 วันอันนี้น้ำหนักประมาณเท่าไหร่คะตอนนี้น้ำหนักน้ำหนัก 68 ครับ 68 สูงค่ะ 178 โอเคค่ะแล้วก็รายได้ต่อเดือนนะคะประมาณเดือนเท่าไหร่เอาคร่าวๆก็ได้ค่ะ,"It's only available in that shop, brother. 46/5. That's it. I would like permission to spell your name a little bit. Currently, the prefix is ​​Mr. If you spell it wrong, you can argue with me. Phanong Ngu Sakaran Naonanthaphong's surname Nithi is spelled as Na Nu Sarait Than Sa Ee, correct and I was born on the 14th of the 12th month of 1989. Current status is live or married. Ok. Well, now I'm 34 years, 3 months, 28 days old. How much does this one weigh? Right now, my weight is 68. Height 178. OK. And what is your monthly income? About how much per month? I can give you a rough estimate."
546.500,548.400,อันนี้หนูเป็นพนักงานบริษัทเนาะ,This one is a company employee.
549.800,583.800,"เป็นเจ้าของกิจการเหมือนคล้ายๆเป็นลูกจ้างขายของอ่ะโอเคพี่ลงคร่าวๆไว้ 160,000 ต่อปีนะอันนี้ไม่ได้มีผลอะไรนะคะโอเคทีนี้วันนี้พี่อยากเรียนเชิญเก็บออมยอดแรกยอดเดียวนะคะน้องนันทพงศ์อ่ะค่ะเก็บออมไปได้ด้วยกันที่ 3,375 บาทนะคะเพื่อเปิดความคุ้มครองวันนี้ที่จะแลกยอดเดียวนะคะอันนี้น้องนันทพงศ์นะคะยืนยันตัวตนเป็นไฟล์เสียงเลขบัตรประชาชน 13 หลักให้พี่เสาวณีย์นิดนึงค่ะ","I'm a business owner, similar to being a salesperson. OK, I put in a rough estimate of 160,000 per year. This doesn't have any effect. OK, today I would like to invite you to save the first and only amount, Nong Nanthaphong. Yes, we have saved up 3,375 baht together to open coverage today to exchange only one amount. This one is Nong Nanthaphong. Please confirm your identity with an audio file with the 13-digit ID card number for P' Saowanee."
586.700,592.200,เดี๋ยวค่อยทำได้มั้ยเพราะว่าตอนนี้ผมกลับมาบ้านต่างจังหวัดอื้อ,Can I do it later? Because right now I'm back home in the provinces.
592.700,631.800,"อันนี้ดีกว่าพี่พี่เรียนแจ้งน้องอย่างงี้โครงการนี้เป็นโครงการเรียนเชิญสมมุติน้องมีความสนใจอยู่แล้วนะคะจะเป็นเรทที่ 2,194 เนี่ยก็ได้เพราะว่าเราเปิดรอบแรกยอดเดียวเนี่ยพี่ดูแลเรื่องทุนชีวิตเนาะอยู่ที่ต่างจังหวัดเราไม่รู้ว่าเทศกาลสงกรานต์มันจะเกิดอะไรขึ้นถูกไหมน้องก็ยังได้รับความคุ้มครองถูกไหมคะแล้วถ้ารับเล่มกรมธรรม์แล้วเนี่ยร้องเห็นว่าเออมันไปไม่ไหวน้องก็สามารถยุติตัวโครงการแล้วรับเงิน 2,000 บาท 194 กลับไปเต็มจำนวนได้นะคะเพียงวันนี้เปิดการออมยอดแรกยอดเดียวนะคะอันนี้หนูเก็บเอ่อไม่ได้ด้วยกันนะคะน้องนันพงษ์","This is better than older siblings learning to inform younger siblings like this. This project is an invitational project, assuming the younger sibling is already interested. It could be the rate of 2,194 because we opened the first round with only one amount. I'm taking care of life funds. In other provinces, we don't know what will happen during the Songkran festival. Is it right or not? Is it right for you to still receive protection? And if you receive the insurance policy and say that it can't be done, you can terminate the project. Receive 2,000 baht, 194, you can return the full amount. Just today, open the savings for the first amount, only one amount. I can't save this together, Nong Nanphong."
633.200,692.400,"เพราะว่าไม่เกิน 5 นาทีพี่ลงทะเบียนไม่เกิน 5 นาทีเนาะทำการจ่ายบิลเหมือนเราจ่ายค่าน้ำค่าไฟให้แก่บริษัท fwd ซึ่งดูแลเรื่องทุนชีวิตให้น้องนันทพงศ์นะคะและคุ้มครองวันนี้เลยน้องอยู่ที่ไหนเราก็คุ้มครองหมดไม่ว่าจะเป็นอุบัติเหตุเรื่องสุขภาพอย่างที่พี่เรียนแจ้งไปนะคะยังไงวันนี้พี่เรียนเชิญนะน้องณัฐพงษ์เก็บออมไปได้ด้วยการที่ยอดแรกยอดเดียวนะคะที่ 2,194 บาทนะคะมันมันพอดีไอ้ของผมประจำมันมีอยู่ 3 อย่าง 4 อย่างอะไรวะพี่มีเยอะมันก็เป็นเรื่องที่ดีไม่ใช่หรอคะแต่ถ้าเรารับเล่มวันเนี้ยเราไปศึกษาตัวข้อมูลเนาะอาจจะชอบใจแล้วก็โทรมาเพิ่มเติมเรทในการออมก็ได้ถูกไหมคะเพราะว่าตอนนี้น้องฟังจากพี่พูดแล้วมีความสนใจอยู่แล้วถูกไหมคะแล้วเนี่ยเป็น 10 เดือนเชิญจากสำนักงานใหญ่เรียนเชิญจังหวัดแล้ว 100 รายชื่อถูกมั้ยคะอันนี้พี่ไม่ได้เรียนเชิญน้องด้วยตนเองนะแล้วพี่ก็ไม่สามารถทำได้ลูกค้าไทยพาณิชย์ท่านอื่นก็ไม่สามารถทำได้","Because it doesn't take more than 5 minutes for you to register, it doesn't take more than 5 minutes to pay the bill like we pay water and electricity to the company FWD, which takes care of Nong Nanthaphong's life funds and covers today. Wherever he is, we're completely covered. It's going to be a health accident like I told you about. Today I invite Nong Natthaphong to save up by getting the first amount, the only amount at 2,194 baht. It's just right. My regular things are 3 things, 4 things, what? I have a lot of them, which is a good thing, right? But if we receive the book today, we go study the information, maybe we'll like it and then call to add the savings rate. Is that right? Because right now you've heard what you've said and are already interested. Is that correct? It's been 10 months since the head office invited the provinces and already 100 names. Is that right? I didn't invite you. I can't do it myself, and other SCB customers can't do it."
693.200,726.300,"นี้ยังไงอ่ะพี่อยากให้น้องลองเออเปิดการออมยอดแรกยอดเดียวคุ้มครองดูแลเรื่องทุนชีวิตอยู่แล้วถูกไหมคะแล้วก็ไม่เกิน 10 วันทำการพี่จัดส่งเล่มเอกสารกรมธรรม์ฉบับจริงซึ่งมีผลตามกฎหมายน้องดูตรวจสอบดูถ้าน้องถูกใจน้องให้พี่ดูแลต่ออย่างที่พี่แจ้งแต่ถ้าน้องไม่ถูกใจน้องสามารถใช้สิทธิ์ตามกฎหมายยุติตัวโครงการได้นะคะก็คือรับเงินตรงนี้กลับไปเต็มจำนวนนะคะนอกนั้นวันนี้เก็บออมไปได้ด้วยกันนะคะที่ 2,194 บาทนะคะเก็บออมไปได้ด้วยกันนะคะ","How about this? I want you to try opening savings, the first amount is the same amount, and you already have protection for your life capital. Is that right? And it shouldn't take more than 10 business days. I'll send you the original policy document, which has legal effect. Please take a look and check. Check and see if you like it, let me continue to take care of you as I have told you. But if you don't like it, you can use your legal rights to terminate the project, that is, get the money back in full. Other than that, today. We can save together at 2,194 baht. We can save together."
730.700,742.000,ค่ะพี่ลงทะเบียนให้น้องอ่ะไม่เกิน 10 นาทีเนาะน้องก็เปิดทำการจ่ายบิลเองเลยเหมือนกันจ่ายค่าน้ำค่าไฟอันนี้พี่ไม่ได้มีส่วนเกี่ยวข้องพี่เพียงแค่ลงทะเบียนข้อมูลให้น้องแค่นั้นเอง,"Yes, I registered for you. It took no more than 10 minutes. You opened the business and paid your bills yourself as well. You paid for water and electricity. I'm not involved in this. I just registered the information for you."
745.400,749.600,เพราะว่าผมกลัวผมกลัวตังค์มันไม่พอไงเพราะว่าตอนนี้ผมก็มาบ้านด้วย,Because I'm afraid I'm afraid there won't be enough money because now I'm coming home too.
751.200,759.500,ยอดแรกยอดเดียวอันเนี้ยถ้าน้องคิดว่าพอจริงๆอ่ะน้องประมาณเท่าไหร่,"The first amount is the only amount. If you really think it's enough, how much is it?"
760.300,764.800,"ถ้าไม่ใช่ 2,194 อ่ะประมาณ 2,025 บาทได้ไหม","If it's not 2,194, is it about 2,025 baht?"
769.400,815.200,"ผมก็ไม่แน่ใจอ่ะพี่เพราะว่ามันมันต้องค่าใช้จ่ายค่าตั๋วเครื่องบินไปกลับผมเที่ยว 4 เที่ยวแล้วเพราะว่ามันเยอะไงเพราะว่าค่าใช้จ่ายช่วงนี้มันเป็นการออมของน้องเพราะว่าน้องก็ไม่ได้ใช้จนหมดตัวอยู่แล้วถูกไหมคะอย่างน้อยตรงนี้มันเป็นการเก็บออมอย่างน้อยเรายังมีติดตัวไว้ตรงนี้สมมุติน้องรับเล่มกรมธรรม์เนี่ยถ้าน้องอย่างที่พี่เนี่ยแต่พี่ไม่ได้อยากให้ยุติตัวโครงการนะน้องอยากให้พี่อยากให้หนูลองเก็บออมตัวนี้ดูสมมุติ 2,194 เนาะไม่ไหวพี่ก็จะปรับเรทลงมาให้ที่ 2,000 กับ 25 บาทเพราะว่าทุนประกันตรงเนี้ยมันก็ได้ความคุ้มครองเหมือนกันถูกมั้ยคะเราไม่รู้นะว่าเหตุการณ์ข้างหน้าจะเกิดอะไรขึ้นนะพี่เรียนเชิญเก็บออมไปที่ 2,025 บาทเก็บออมไปได้ด้วยกันนะคะน้องณัฐพงษ์","I'm not sure, because it involves the cost of the return plane ticket. I've already gone on 4 trips because it's a lot. Because the expenses during this time are your savings because you haven't spent all your money, is that right? At least here it's savings. At least we still have it here. Suppose you receive the policy book. If you're like me, but I don't want the project to end, I want you to. I'm trying to save this money, let's say 2,194. If I can't handle it, I will adjust the rate down to 2,000 and 25 baht because the insured amount here also has the same protection. Is that right? We don't know what will happen in the future. What's going on? I invite you to save up to 2,025 baht. Let's save together, Nong Natthaphong."
817.600,875.300,"มัน 2,025 บาทมันต้องส่งยังไงอ่ะพี่ค่ะก็คือสมมุติหนูเปิดจากออมยอดแรกยอดเดียววันนี้วันที่ 11 ใช่ไหม 11 พฤษภาคมน้องอาจจะบอกว่าไม่ทันเพราะเราไปต่างจังหวัดค่าใช้จ่ายเราเยอะน้องอาจจะไปสิ้นเดือนหรือว่าเรทให้มันครบ 30 วันเพราะเรามีระยะยืดหยุ่นอยู่แล้วถูกไหมคะเพราะว่าพี่ไม่ได้เรียกเก็บสมมุติหนูเปิดแค่วันนี้วันเดียวนะเรียนตามตรงเลยนะน้องจะได้เข้าใจก็คือเปิดการออมยอดแรกยอดเดียววันนี้ใช่ไหมวันที่ 11 เมษายน 11 พฤษภาคมครบรอบการออมน้องบอกว่าน้องใช้จ่ายเยอะอ่ะน้องก็เลทไปได้อีก 30 วันถูกไหมคะพี่ไม่ได้ 80 อะไรเนาะน้องมีแต่เรทได้ถูกไหมคะน้องมีเวลาเก็บเพราะว่า 2,000 กะ 25 บาทเนี่ยหาร 30 วันละ 67 บาทแต่ถ้าน้องเรทไป 30 วันเท่ากับน้องมีเวลาเก็บ 60 วันเลยนะ 2,000 บาทกับ 25 เนี่ยน้องหยอดกระปุก 60 วันเนี่ยวันละ 33 บาทถูกไหมคะ","It's 2,025 baht. How do I send it? I mean, let's say I opened the first balance from savings, today is the 11th, right? May 11th, you might say it's not in time because we're going to another province and our expenses are a lot. Maybe Go to the end of the month or the rate will be for 30 days because we already have a flexible period, is that right? Because I didn't charge, let's say I'm only opening today for one day. Study honestly, so that you can understand, that is, opening savings. The first balance is the only amount today, right? It's April 11th. May 11th is the anniversary of the savings. You said you spend a lot and you can delay for another 30 days. Is that right? I don't get 80. What is it? You only have cheap rates. Do you have time to save because 2,000 and 25 baht are divided by 30, giving you 67 baht per day? But if you use the rate for 30 days, it means you have 60 days to save. 2,000 baht and 25, you put in a jar for 60 days a day. Is 33 baht right?"
875.700,914.100,"วันนี้พี่เรียนเชิญนะน้องนันทพงศ์เก็บออมไปได้ด้วยกันที่ 2,25 บาทคือว่า 2,015 บาทนี่มันต้องส่งเป็นรายเดือนเหรอพี่รายเดือนจ้ะแต่ว่าอย่างนี้เนี่ยค่ะรายเดือนแล้วมันส่งมันส่งมันส่งนานไหมเผื่อเราจะได้เงินเงินคืนวันนี้เป็นกี่ปีพี่เดือนแจ้งอย่างนี้อารมณ์ของโครงการนี้เหมือนกับการฝากประจำถูกไหมคะพี่ขอขั้นต่ำ 2 ปีถ้าต้นปีที่ 3 น้องนันทพงศ์มีความจำเป็นต้องนำเงินออกไปใช้เนาะสามารถนำเงินออกไปใช้ได้แต่ถ้าน้องไม่ได้มีความจำเป็นอะไรเนาะก็รอจบโครงการเพื่อรับเงินก้อนแต่ว่าผลตอบแทนเรามีให้ทุกปีอยู่แล้วถูกไหมคะ","Today I would like to invite Nong Nanthaphong to save together at 2,25 baht. I mean 2,015 baht. Do you have to send it monthly? Monthly, but it's like this. Monthly and then send it, send it. How long does it take to send it? In case we get the money back today, how many years will it be? P'Duen informs me like this. The mood of this project is similar to a fixed deposit. Is that right? I'm asking for a minimum of 2 years. If it's the beginning of the 3rd year, Nong Nanthaphong has You need to take the money out to use. You can take the money out and use it, but if you don't have any need, then wait until the project ends to receive a lump sum, but we already have a return every year, is that right?"
914.600,915.900,อืม,um
916.200,944.600,แต่ว่าวันนี้หนูมีเวลาคิดตั้งแต่วันนี้แล้วพอรับเล่มกรมธรรม์นับเป็นวันที่ 1 ถูกมั้ยคะเรายืดหยุ่นไปอีก 30 วันเนาะมีเวลาตัดสินใจแต่ตรงเนี้ยที่พี่อยากให้เปิดการออมเพราะเราดูแลเรื่องทุนชีวิตอยู่แล้วตั้งแต่วันนี้เราไม่รู้ว่าเหตุการณ์ข้างหน้าจะเกิดอะไรขึ้นถูกมั้ยคะน้องนันทพงศ์อันนี้พี่ไม่ได้มีเจตนาก็จะต้องให้น้องเป็นอะไรคืออยากให้น้องอ่ะลองเปิดการออมเปิดใจแล้วรับเล่มกรมธรรม์ไปตรวจสอบความถูกต้องถูกไหมคะ,"But today I have time to think from today and when I receive the policy, it's day 1. Is that right? We're flexible for another 30 days. I have time to decide, but this is where I want you to open up savings because we take care of capital. It's already life, from today we don't know what will happen in the future, is that right Nong Nanthapong? I didn't have any intention of doing this to you. I want you to try opening your savings and opening your heart. Receive the policy book and check whether it is correct or not."
945.100,963.200,"อ่าโอเคยังไงวันนี้พี่เรียนเชิญเก็บออมที่ขั้นต่ำไปก่อนก็ได้ที่ 2,25 บาทนะคะเก็บเอาไปได้ด้วยกันนะคะน้องท่านพ่อ 2,25 นี่เราต้องส่งเป็นรายเดือนใช่มั้ยอันนี้ถ้าถ้าสมมุติถ้าเปิดถ้าเปิดวันนี้แล้วเราต้องจ่ายวันไหนดีวันที่ 11 พฤษภาคมค่ะ","Ah, okay, today I invite you to save at a minimum of 2,25 baht first. You can save it together, Father. 2,25, we have to send it monthly, right? Now, if we were to open today, what day would we have to pay? May 11th."
963.700,973.000,11 พฤษภาคมถ้าสมมุติ 11 พฤษภาคมไม่ไหวนี่เราก็ผ่านไปได้อีกเดือนนึงก็คือ 11 มิถุนายน,"May 11th, if let's say May 11th is not possible, then we can go through another month, June 11th."
973.900,1004.300,หรือวันที่ 10 มิถุนายนให้มันก่อน 30 วันใช่แต่เราเรทไปก็ถึงประมาณวันที่ 10 มิถุนายนวันที่ 11 มิถุนายนใช่ไหมคือว่าแล้วเราก็ใส่ยอดเข้ามา 2 คันนี้ 200 บาทน้องฟังพี่เสาร์นี้นะน้องทำการใส่บินอันนี้น้องใช้แอปของธนาคารอะไรอยู่เดี๋ยวพี่จะแจ้งก่อนไทยพาณิชย์ไหม,"Or on June 10th, give it 30 days earlier, yes, but at our rate it will arrive around June 10th, June 11th, right? That is, then we put in the amount for these 2 cars, 200 baht. Listen to me, this Saturday, you will do the work. Wearing this flight, what bank's app are you using? I'll let you know before Siam Commercial Bank."
1005.600,1065.500,"กล่องไทยพาณิชย์ผมไม่ค่อยใช้แล้วเพราะว่าตอนนี้ผมใช้ของกรุงเทพฯแบงค์กรุงเทพน้องก็ไปทำที่จ่ายบิลเนอะแล้วน้องใส่รหัสบริษัทพี่นะคะจ่ายบิลเหมือนจ่ายค่าน้ำค่าไฟน้องๆนึกออกใช่ไหมมันจะมีดินแบบนั้นมาแล้วก็ให้เราจ่ายดินอยู่ในแอปธนาคารสมมุติพอขึ้นสายบินให้กับบริษัท fwd ก็จะมีชื่อน้องนันทพงศ์ต่ายบินให้กับบริษัท fwd ประกันชีวิตยอด 2,000 กับ 25 บาทนะคะพอรับเล่มกรมธรรม์เขาจะมีระบุเลยว่าน้องจ่ายบิลมันจะมีเอกสารไปให้น้องพร้อมกับเล่มกรมธรรม์ใช่แล้วก็ถ้าน้องประสบอุบัติเหตุค่ะมันมีเล่มกรมธรรม์มานี่คือว่ามันมีบัตรบริเวณที่หรือว่าไม่มีมันมีแต่ผ่านมาอย่างเดียวก็คือเป็นเล่มกรมธรรม์เลยค่ะน้องมันไม่ได้มีอะไรใช่แต่ว่าน้องสามารถโหลดแอปนี้นะคะเพื่อเพื่อดูได้ว่าเราเก็บอ้อมเท่าไหร่และถ้าสมมุติเนาะจะเปลี่ยน","I don't use the Siam Commercial Bank box anymore because now I use Bangkok Bank. You just go to the bill dispenser and enter your company code and pay the bill like you pay for water and electricity. Can you imagine? It'll have dirt like that. Then let us pay the money in the imaginary bank app. When we board the flight for the FWD company, there will be the name of Nong Nanthaphong Tai flying for the FWD company with life insurance worth 2,000 and 25 baht. When we receive the policy book, he will have Specify that if you pay the bill, there will be documents sent to you along with the policy book. Yes, and if you have an accident, there will be a policy book. This is whether there is a card in that area or there is not, it just happened. Well, it's a policy book. It doesn't have anything in it, but you can download this app so you can see how much Om we've collected and if we should change it."
1065.500,1097.600,แต่ที่อยู่น้องสามารถทำเปลี่ยนแปลงในแอปออมนี้ได้เลยนะคะอ๋อใช่แล้วก็ใช่โหลดแอปนี้มาแล้วว่าเราว่าเราจ่ายได้กี่เดือนกี่เดือนแล้วแล้วยอดแล้วยอดมันจะขึ้นมาแบบเป็นยอดสะสมมาคล้ายๆเงินประกันสังคมแล้วนี่ใช่มั้ยใช่แล้วก็นั่นน่ะค่ะแล้วเราสิ้นปีเค้าก็จะบอกว่าน้องอ่ะได้ประมาณเท่าไหร่เอางี้เนาะน้องน้องนั้นทำโพงเดี๋ยวพี่ขอส่งสายให้หัวหน้าอธิบายเพิ่มเติมเพื่อความชัดเจนในการจ่ายบิลนะโอเคได้ๆครับผม,"But your address can be changed in this savings app. Oh, yes, that's right. Download this app and tell us how many months you can pay, and then the total will come up as a cumulative amount. It's similar to social security money. Is this right? Yes, that's it. Then at the end of the year they will tell you how much you've earned. Well, that little one will make a statement. I'll forward the line to the boss. Please explain further for clarity in paying bills. OK."
1099.400,1159.200,ฮัลโหลค่ะครับผม 503004726 ขออนุญาตอ่าลงสายต่อให้น้องนะคะอันนี้ลูกค้าสนใจตรงไหนเอ่ยไม่ผมสงสัยว่าแบบเออสมมุติถ้าเราจ่ายเป็นรายเดือนแบบนี้มันจะมีแค่เล่มกรมธรรม์มาแล้วก็เป็นเลขนั้นมาแล้วก็ให้เราจ่ายบิลตรงนี้ธนาคารเลยใช่ไหมพี่ไม่ใช่ค่ะลูกค้าวันนี้การลงทะเบียนนะคะลงก่อนที่กรมธรรม์จะออกหาลูกค้าลูกค้าจะต้องมีการจ่ายบิลก่อนยอดแรกยอดเดียวและตัวเอกสารหลักฐานการเก็บออมมันจะเป็นลูกเล่มฉบับสมบูรณ์ซึ่งมีผลบังคับในเรื่องของทุนประกันคุ้มครองชีวิตลูกค้าแล้ววันนี้วันแรกและเป็นยอดออมเงินเดือนแรกของลูกค้าเดี๋ยวตัวเจ้าหน้าที่เนี่ยลงทะเบียนให้ลูกค้าใช่ไหมแล้วเราก็จะออกเลขสัญญาแล้วเราก็จะพาลูกค้าเข้าไปจ่ายบิลลูกค้าเคยจ่ายบิลพวกค่าโทรศัพท์ค่าน้ำค่าไฟในธนาคารไหมคะผมอยากจะฆ่าโทรศัพท์ที่จ่ายเงินนั่นแหละเหมือนกัน,"Hello, I'm 503004726. Please allow me to continue the line for you. Is this where the customer is interested? I wonder if, say, if we pay monthly like this, there will only be the policy book and the number. Then let us pay the bill right here at the bank, right? No, today's customer is registering before the insurance policy goes out to customers. The customer must pay the bill first, the first amount and the documents. The evidence of savings will be a complete document, which is effective in terms of the customer's life insurance coverage. Today is the first day and it is the customer's first salary savings. The official will register it for the customer, right? We will issue a contract number and then we will take the customer to pay the bill. Have the customers ever paid bills such as telephone bills, water bills, and electricity bills in the bank? I want to kill phones that pay for that too."
1159.400,1213.100,"เราจะพาลูกค้าเข้าไปช่องจ่ายบิลโดยการจ่ายยอดแรกยอดออมของเรานะคะโดยการที่เวลาเราจ่ายเนี่ยเราจะต้องใส่เลขสัญญาเข้าไปด้วยนะคะใช่โอเคถ้างั้นเดี๋ยวพี่ขออนุญาตลงทะเบียนต่อให้เลยนะคะครับผมค่ะอันนี้ขออนุญาตนะคะเก็บออมสะดวกเป็นเดือนละเท่าไหร่ 2,195 94 เมื่อกี้ที่เขาบอกว่าถ้ากูว่าไม่ไหวจริงๆเดี๋ยวพี่จะลดลงมาให้เหลือกล่อง 1,025 อ๋อโอเคถ้าส่งเดี๋ยวนะ 2025 กับ 2,000 100 มันต่างกันแค่ 150 บาทเองนะแต่เอา 2,000 ใช่มั้ยเพราะว่าของผมมันต้องมีค่าใช้จ่ายเยอะไงเพราะว่าทั้งค่าเช่าห้องทั้งค่าโทรศัพท์ถ้า 2025 นะคะเราจะมีในส่วนของวันนี้เปิดขออนุญาตเปิดทุนประกันคุ้มครองกรณีสูญเสียชีวิตดูแลเราทันที 288,000 บาทนะคะ","We will take the customer into the bill payment channel by paying the first amount, our savings amount. When we pay, we have to enter the contract number as well. Yes, OK, then I will ask permission to register for you. Yes, sir. I would like to ask permission for this one. How much can I save conveniently per month? 2,195 94. Just now he said that if I really can't take it, I will reduce it down to 1,025 boxes. Oh, okay, if you send it right away. Well, 2025 and 2,000 100 are only 150 baht different, but take 2,000, right? Because mine must have a lot of expenses because both room rent and telephone bills, if it's 2025, we'll have it in today's section. Requesting permission to open an insurance fund to cover the loss of life and take care of us immediately, 288,000 baht."
1213.900,1232.700,พี่พี่รบกวนสมมุติถ้าเราส่งไปได้ 2 ปีแล้วครับครบ 2 ปีแล้วถ้าเราจะขอเงินคืนแบบนี้ต้นปีที่ 3 เอาเงินออกได้เลยก็คือต้นปีที่ 3 ก็คือ 2 ปีกับ 1 วันนะคะ,"Brother, please let me assume that if we have sent it for 2 years already, after 2 years have passed, if we ask for a refund like this at the beginning of the 3rd year, we can take the money out and it will be at the beginning of the 3rd year, which is 2 years and 1 day."
1239.700,1253.400,วันที่ 11 เดือนหน้าใช่ไหม 11 เดือนหน้า 11 มิถุนายนที่ผมต้องส่งยอดอ่ะสมมุติถ้าเราส่งไม่ทันนี่เราผัดไปอีกได้ใช่ไหมใช่ลูกค้าสามารถเรทเป็นทุกๆสิ้นเดือนได้เลยมันสามารถเรทการออมได้ภายใน 30 วัน,"The 11th of next month, right? The 11th of next month, the 11th of June, when I have to send the balance. Suppose if we don't send it in time, we can postpone it again, right? Yes, customers can rate it every end of the month. It can be a savings rate within 30 days."
1257.700,1265.400,เดี๋ยวถ้าเพราะว่าสมมุติ 11 มิถุนายนนี้คือว่าสังคมของมันเดี๋ยวเดือนหน้าเดือนหน้าเดือนพฤษภาคม,"Wait, if because of this assumption of June 11th, then its society will be next month, next month, May."
1266.600,1326.400," 11 พฤษภาคมเราไม่สะดวกเราไปออมเป็นสิ้นเดือนของพฤษภาคมได้เลยนับตั้งแต่สิ้นเดือนพฤษภาคมไปยาวถึงปีไอ้ตอนนี้ปี 67 ใช่ไหม 6 8 6 9 ใช่มั้ยก็เท่ากับ 2 ปีถึงปี 69 พฤษภาคมใช่มั้ยพี่ใช่ก็จะครบ 2 ปีแต่ว่าทุกคนเราจะเอาเงินออกก็ออกได้เลยแต่ว่าทุกๆปีอ่ะเราจะมีเช็คการันตีกันคืนเปรียบเสมือนดอกเบี้ยแบงค์ส่งให้อยู่แล้วนะคะปีละ 2,400 บาทใช่แล้วจะแล้วถ้าสมมติถ้าครบ 2 ปีแล้วถ้าเราต้องการขอเงินคืนนี้เราเราติดต่อไปยังไงอ่ะพี่อ่าในเอกสารหลักฐานการเก็บออมมาที่เราจะจัดส่งให้จะมีเบอร์โทรติดต่อของ SCB และของบริษัท fwd เราสามารถติดต่อได้ทุกช่องทางแล้วก็แจ้งไปสายได้เลยว่าเราจะทำการเอาเงินออกเดี๋ยวทางเจ้าหน้าที่นะคะเขาก็จะให้อ่าแต่แนะนำวิธีที่ง่ายที่สุดก็คือ","11 May is not convenient for us. We can save until the end of May. From the end of May all the way to the current year, year 67, right? 6 8 6 9, right? That's equal to 2 years until the year 69 May, right? Yes, it will be 2 years, but everyone can take the money out, but every year we will have a check guaranteed to be returned, similar to the interest the bank has already sent to us, 2,400 baht per year. That's right, if Suppose that after 2 years have passed, if we want to request a refund for this money, how do we contact you? In the savings evidence document that we will send you, there will be contact numbers for SCB and the company FWD that we can contact. Every channel and then you can inform us that we will take the money out and the official will give it to you, but we recommend the easiest way."
1326.500,1386.200,"เวลาเราโหลดแอปออมนิ omne ติดไว้แอปนี้เราสามารถนะคะเอาเงินออกจากแอปนี้ได้เลยก็คือเขาจะมีช่องทางเลยว่าลูกค้ายุติโครงการยกเลิกโครงการหรือว่าเอานู่นนี่นั่นเวนคืนกรมธรรม์เอาเงินออกมีให้ลูกค้าทำเลยเราจะได้แค่ค่าแอร์ทำในแอปนี้เราก็แค่อัพโหลดหน้าบุ๊คแบงค์ของเราที่เป็นชื่อเราอ่ะใส่เข้าไปนะคะประมาณ 3-5 วันทำการบริษัทก็จะโอนเงินเข้าบัญชีให้เราจะโอนเงินเข้าบัญชีให้เราเรียบร้อยใช่ไหมครับเดือนละ 2,025 บาท 2 ปีที่มันตกเท่าไหร่อ่ะพี่ก็ประมาณ 4 ยอดออมของเราจะอยู่ที่ปีละ 24,000 บาทนะคะแล้วก็ 2 ปีอ่า 2 ปีก็ 48,000 บาท 48,000 บาทใช่มั้ยใช่แต่ว่าพอครบ 12 เดือนอ่าปีหน้าเดือนเมษายนปีหน้านะคะเราจะได้แร๊ปๆเช็คก่อนใบแรก 2,400 บาทเพราะอีกปีนึงอ่าพออีกปีนึงเราก็จะส่งให้คืนอีก 2,400 บาทเพราะต้นปีที่ 3 เราจะเอาเงินออกเราก็เอาแต่ออกได้เลยอ๋อโอเคได้ๆครับ","When we download the Omni app and attach it to this app, we can take money out of this app. That is, they will have a way to know whether the customer terminates the project, cancels the project, or takes this or that to expropriate the policy and take the money. It's out there for customers to do. We'll only get the cost of the air conditioner. In this app, we just upload our bank book page with our name and put it in. About 3-5 business days the company will transfer the money into your account. We will transfer money into our account already, right? 2,025 baht per month. How much will it cost in 2 years? I think it will be about 4. Our savings amount will be 24,000 baht per year. And in 2 years, 2 years, it will be 48,000. Is that 48,000 baht? But when the 12 months are up, next year, April next year, we'll get a first check for 2,400 baht because after another year, we'll send it back for another 2,400 baht. baht because at the beginning of the 3rd year, if we want to take money out, we can just take it out. Oh, okay, fine."
1386.500,1395.700,"โอเคถ้าอย่างนั้นวันนี้ขออนุญาตเปิดทุนชีวิตดูแล 2 แสน 88,000 บาทรบกวนคุณนันทพงศ์มาขายยืนยันตัวตนเป็นหมายเลขบัตรประชาชน 13 หลักแจ้งในไฟล์เสียงได้เลย","Okay, then today I would like permission to open a life fund to take care of 2 hundred thousand 88,000 baht, please ask Mr. Nanthaphong to come and sell, confirm your identity by using your 13 digit ID card number and inform it in the audio file."
1396.200,1400.600,148 ครับ 148 09,148 148 09
1423.400,1426.700, ท่านเป็นผู้มีถิ่นที่อยู่ทางภาษีเฉพาะในประเทศไทยใช่หรือไม่,Are you a tax resident only in Thailand?
1430.600,1438.600,อยู่ที่นครพนมครับตอนนี้มาบ้านพอดีพี่จังหวัดเกิดนครพนมจังหวัดเกิดนครพนมอันนี้หยุดสงกรานต์หรอคะ,I'm in Nakhon Phanom. Now I'm coming home. I was born in Nakhon Phanom province. Is this a Songkran holiday?
1449.300,1468.100,ขออนุญาตออกเลขสัญญาเปิดความคุ้มครองให้กับคุณนันทพงศ์สวัสดี,Please allow me to issue a contract number to open protection for Mr. Nanthaphong Sawadee.
1469.100,1473.200,App ไทยพาณิชย์กับพี่ที่เอามาแป๊บนึงเดี๋ยวเดี๋ยวผมเปิด,The Siam Commercial Bank app that I brought here is just a moment and I'll open it.
1508.700,1516.000,เดี๋ยวพี่โทรมาใหม่ได้ไหมเดี๋ยวผมเปิด Hot WiFi ก่อนโอเคๆเดี๋ยวพี่วางสายแล้วพี่โทรนะครับได้ๆครับ,Can you call me again? I'll turn on Hot WiFi first. OK. I'll hang up the phone and you can call me.
