Start time,End time,thai_transcript,translation
22.5,27.2,สวัสดีค่ะ ขออนุญาตเรียน สายคน พรพรรณ ค่ะ,"Hello, may I speak with Sai-khon Pornpun, please?"
28.2,33.1,อันนี้น้องพรพรรณ พี่รบกวนอีกสัก 2 นาทีได้ไหม อ่ะยุ่งไหม,This is Praphan. Can I bother you for another 2 minutes? Are you busy?
35.5,50.6,อันนี้พอดีเดี๋ยวพี่รีบพูดเลย อันนี้รหัสไปรษณีย์ที่อยู่จะเป็นไอ้นี่ใช่ไหม บ้านเลขที่ 16 เนอะ 16 นะคะ รหัสไปรษณีย์จะเป็น 10260 ถูกต้องนะคะ,
51.1,62.6,โอเค แล้วก็เดี๋ยวมีอีกนิดนึงนะ แล้วก็อันนี้สุขภาพเพิ่มนะคะ ที่ว่าเป็นโรคหอบอ่ะค่ะ ตรวจพบเป็นเมื่อไหร่นะคะ พอดีไฟล์เสียงเขาบอกว่าเขาไม่ได้ยิน,"Okay, and there will be a little more. And this is about additional health information. Regarding the asthma, when was it diagnosed? The audio file mentioned that they couldn't hear it."
67.9,69.7,ค่ะ และ ค่ะ,
70.7,130.6,ค่ะ และรักษายังไงอ่ะคะ ก็คือจมูก แล้วก็ออกเหมือนแบบว่ามียาพ่นเองอ่ะค่ะ ก็ไม่ได้ต้องไปหาหมออะไรเพิ่ม คือบางทีแต่ว่ามีอันนึงที่เป็น คือมีเป็นกรดไหลย้อนนะคะ ตอนนี้ก็ไม่มีอาการแล้ว ก็คือไม่ได้รักษาต่อเนื่องถูกต้องไหมคะ ไม่มีค่ะ ค่ะ แล้วก็การนอนโรงพยาบาลไม่ได้มีการนอนถูกต้องไหมคะ ก็คือรักษาจบไปหมดแล้วทั้งสองโรคที่หนูบอกมา โอเค โอเค ขอบพระคุณมาก เดี๋ยวอีก 2 ข้อนะสั้นๆ โรคร้ายแรงระดับรุนแรง 15 โรคเช่นโรคมะเร็งระยะรูปร่าง โรคกล้ามเนื้อหัวใจตายเฉียบพลันจากการขาดเลือดนะคะ ไตวายเรื้อรัง โรคหลอดเลือดสมองแตกแล้วหรืออุดตัน โรคหลอดลมปอดอุดกั้นเรื้อรังขั้นรุนแรงหรือโรคปอดระยะสุดท้าย บริษัทจะจ่าย 100% ของทุนประกันภัย หักด้วยผลประโยชน์กรณีเจ็บป่วยด้วยโรคร้ายแรงระดับต้นๆที่จ่ายไปแล้ว โดยจำกัดเพียง 1 โรคร้ายแรง,"Yes, and how is the treatment? For the nose, it's like having a nasal spray, right? You don't have to see a doctor for anything else. Sometimes there is one thing, which is acid reflux. Now there are no symptoms anymore. So the treatment is not continuous, right? No, yes. And there was no hospital stay, correct? The treatment for both diseases you mentioned is all done, right? Okay, okay, thank you very much. Just two more short points. There are 15 severe diseases such as cancer at the morphological stage, acute myocardial infarction due to lack of blood, chronic kidney failure, cerebral hemorrhage or occlusion, severe chronic obstructive pulmonary disease"
130.8,133.4,เท่านั้น และจ่ายผลประโยชน์ที่นี้เพียงครั้งเดียวตลอดอายุกรมธรรม์นะคะ,"That's it, and this benefit will be paid only once throughout the policy term."
134.0,146.2,อันนี้ค่ะโอเค อีกข้อนึงค่ะ กรณีอยู่ครบกำหนดสัญญาโดยไม่มีการเบิกเงินใดๆ เป็นสะใจ ทุนประกันคืนให้ 1 ล้านบาทนะคะ ในปีกรมธรรม์ที่อายุ 90 ปี ให้ลูกค้าทราบ อันนี้รับทราบนะคะน้อง,"This one is okay. Another point, in the case of staying until the contract expires without any money withdrawal, the insurance fund will return 1 million baht in the policy year at the age of 90 years. Please let the customer know. I acknowledge this."
146.6,169.2,รับทราบค่ะ ขอบพระคุณมากค่ะ ค่ะ อันนี้มาช่วยจ่าย 20 ปีใช่ไหมคะ เราจะจบก็ได้ หรือว่าเราจะต่อก็คือว่าถืออยู่นิ่งๆ ก็ได้ค่ะ ได้ค่ะ โอเค ขอบพระคุณน้องบอลไทยมากค่ะ วันนี้พี่ไม่รบกวนนะคะ ค่ะ สวัสดีค่ะ,"Understood. Thank you very much. This will help pay for 20 years, right? We can finish or we can continue, meaning we can just hold it still. Okay, thank you Ball Thai very much. I won't bother you today. Goodbye."
